Year,Round,Circuit,TeamName,DriverA,DriverB,Quali_Delta,Grid_Delta,Points_Delta,Experience_Delta,FavoriteTrackAdvantage,TrackType,Target
2021,1,Sakhir,Alfa Romeo Racing,RAI,GIO,2.0,2.0,0.0,0,-1.0,permanent,1
2021,1,Sakhir,Alfa Romeo Racing,GIO,RAI,-2.0,-2.0,0.0,0,1.0,permanent,0
2021,1,Sakhir,Aston Martin,STR,VET,-8.0,-10.0,0.0,0,-4.0,permanent,1
2021,1,Sakhir,Aston Martin,VET,STR,8.0,10.0,0.0,0,4.0,permanent,0
2021,1,Sakhir,Ferrari,LEC,SAI,-4.0,-4.0,0.0,0,-0.5,permanent,1
2021,1,Sakhir,Ferrari,SAI,LEC,4.0,4.0,0.0,0,0.5,permanent,0
2021,1,Sakhir,McLaren,NOR,RIC,1.0,1.0,0.0,0,-3.5,permanent,1
2021,1,Sakhir,McLaren,RIC,NOR,-1.0,-1.0,0.0,0,3.5,permanent,0
2021,1,Sakhir,Mercedes,HAM,BOT,-1.0,-1.0,0.0,0,-1.4666666666666668,permanent,1
2021,1,Sakhir,Mercedes,BOT,HAM,1.0,1.0,0.0,0,1.4666666666666668,permanent,0
2021,1,Sakhir,Red Bull Racing,VER,PER,-10.0,1.0,0.0,0,-0.5,permanent,1
2021,1,Sakhir,Red Bull Racing,PER,VER,10.0,-1.0,0.0,0,0.5,permanent,0
2021,2,Imola,Alfa Romeo Racing,RAI,GIO,-1.0,-1.0,0.0,0,-1.0,permanent,1
2021,2,Imola,Alfa Romeo Racing,GIO,RAI,1.0,1.0,0.0,0,1.0,permanent,0
2021,2,Imola,AlphaTauri,GAS,TSU,-15.0,-15.0,-2.0,0,-1.0,permanent,1
2021,2,Imola,AlphaTauri,TSU,GAS,15.0,15.0,2.0,0,1.0,permanent,0
2021,2,Imola,Alpine,OCO,ALO,-6.0,-6.0,0.0,0,-1.5,permanent,1
2021,2,Imola,Alpine,ALO,OCO,6.0,6.0,0.0,0,1.5,permanent,0
2021,2,Imola,Ferrari,LEC,SAI,-7.0,-7.0,4.0,0,-1.666666666666667,permanent,1
2021,2,Imola,Ferrari,SAI,LEC,7.0,7.0,-4.0,0,1.666666666666667,permanent,0
2021,2,Imola,McLaren,NOR,RIC,1.0,1.0,6.0,0,-3.6666666666666665,permanent,1
2021,2,Imola,McLaren,RIC,NOR,-1.0,-1.0,-6.0,0,3.6666666666666665,permanent,0
2021,2,Imola,Red Bull Racing,VER,PER,1.0,1.0,8.0,0,-8.5,permanent,1
2021,2,Imola,Red Bull Racing,PER,VER,-1.0,-1.0,-8.0,0,8.5,permanent,0
2021,3,Portimão,AlphaTauri,GAS,TSU,-5.0,-5.0,4.0,0,-5.0,permanent,1
2021,3,Portimão,AlphaTauri,TSU,GAS,5.0,5.0,-4.0,0,5.0,permanent,0
2021,3,Portimão,Alpine,OCO,ALO,-7.0,-7.0,1.0,0,-1.0,permanent,1
2021,3,Portimão,Alpine,ALO,OCO,7.0,7.0,-1.0,0,1.0,permanent,0
2021,3,Portimão,Aston Martin,VET,STR,-7.0,-7.0,-5.0,0,-1.0,permanent,1
2021,3,Portimão,Aston Martin,STR,VET,7.0,7.0,5.0,0,1.0,permanent,0
2021,3,Portimão,Ferrari,LEC,SAI,3.0,3.0,6.0,0,-5.0,permanent,1
2021,3,Portimão,Ferrari,SAI,LEC,-3.0,-3.0,-6.0,0,5.0,permanent,0
2021,3,Portimão,McLaren,NOR,RIC,-9.0,-9.0,13.0,0,-4.0,permanent,1
2021,3,Portimão,McLaren,RIC,NOR,9.0,9.0,-13.0,0,4.0,permanent,0
2021,3,Portimão,Mercedes,HAM,BOT,1.0,1.0,28.0,0,-2.0,permanent,1
2021,3,Portimão,Mercedes,BOT,HAM,-1.0,-1.0,-28.0,0,2.0,permanent,0
2021,3,Portimão,Red Bull Racing,VER,PER,-1.0,-1.0,33.0,0,-2.0,permanent,1
2021,3,Portimão,Red Bull Racing,PER,VER,1.0,1.0,-33.0,0,2.0,permanent,0
2021,4,Barcelona,Alfa Romeo Racing,RAI,GIO,3.0,3.0,0.0,0,-3.0,permanent,1
2021,4,Barcelona,Alfa Romeo Racing,GIO,RAI,-3.0,-3.0,0.0,0,3.0,permanent,0
2021,4,Barcelona,Alpine,OCO,ALO,-5.0,-5.0,3.0,0,-0.5,permanent,1
2021,4,Barcelona,Alpine,ALO,OCO,5.0,5.0,-3.0,0,0.5,permanent,0
2021,4,Barcelona,Aston Martin,STR,VET,-2.0,-2.0,5.0,0,-1.333333333333334,permanent,1
2021,4,Barcelona,Aston Martin,VET,STR,2.0,2.0,-5.0,0,1.333333333333334,permanent,0
2021,4,Barcelona,Ferrari,LEC,SAI,-2.0,-2.0,14.0,0,-1.4500000000000002,permanent,1
2021,4,Barcelona,Ferrari,SAI,LEC,2.0,2.0,-14.0,0,1.4500000000000002,permanent,0
2021,4,Barcelona,McLaren,RIC,NOR,-2.0,-2.0,-21.0,0,4.0,permanent,1
2021,4,Barcelona,McLaren,NOR,RIC,2.0,2.0,21.0,0,-4.0,permanent,0
2021,4,Barcelona,Mercedes,HAM,BOT,-2.0,-2.0,38.0,0,-1.1,permanent,1
2021,4,Barcelona,Mercedes,BOT,HAM,2.0,2.0,-38.0,0,1.1,permanent,0
2021,4,Barcelona,Red Bull Racing,VER,PER,-6.0,-6.0,39.0,0,-1.75,permanent,1
2021,4,Barcelona,Red Bull Racing,PER,VER,6.0,6.0,-39.0,0,1.75,permanent,0
2021,4,Barcelona,Williams,RUS,LAT,-4.0,-4.0,0.0,0,-10.4,permanent,1
2021,4,Barcelona,Williams,LAT,RUS,4.0,4.0,0.0,0,10.4,permanent,0
2021,5,Monte Carlo,Alfa Romeo Racing,GIO,RAI,-4.0,-4.0,0.0,0,-1.0,permanent,1
2021,5,Monte Carlo,Alfa Romeo Racing,RAI,GIO,4.0,4.0,0.0,0,1.0,permanent,0
2021,5,Monte Carlo,AlphaTauri,GAS,TSU,-10.0,-10.0,6.0,0,-10.0,permanent,1
2021,5,Monte Carlo,AlphaTauri,TSU,GAS,10.0,10.0,-6.0,0,10.0,permanent,0
2021,5,Monte Carlo,Alpine,OCO,ALO,-6.0,-6.0,5.0,0,-4.0,permanent,1
2021,5,Monte Carlo,Alpine,ALO,OCO,6.0,6.0,-5.0,0,4.0,permanent,0
2021,5,Monte Carlo,Aston Martin,VET,STR,-5.0,-5.0,-5.0,0,-3.0,permanent,1
2021,5,Monte Carlo,Aston Martin,STR,VET,5.0,5.0,5.0,0,3.0,permanent,0
2021,5,Monte Carlo,McLaren,NOR,RIC,-7.0,-7.0,17.0,0,-9.0,permanent,1
2021,5,Monte Carlo,McLaren,RIC,NOR,7.0,7.0,-17.0,0,9.0,permanent,0
2021,5,Monte Carlo,Red Bull Racing,VER,PER,-7.0,-7.0,47.0,0,-3.0,permanent,1
2021,5,Monte Carlo,Red Bull Racing,PER,VER,7.0,7.0,-47.0,0,3.0,permanent,0
2021,5,Monte Carlo,Williams,RUS,LAT,-3.0,-3.0,0.0,0,-1.0,permanent,1
2021,5,Monte Carlo,Williams,LAT,RUS,3.0,3.0,0.0,0,1.0,permanent,0
2021,6,Baku,Alfa Romeo Racing,RAI,GIO,-6.0,-6.0,-1.0,0,-1.0,street,1
2021,6,Baku,Alfa Romeo Racing,GIO,RAI,6.0,6.0,1.0,0,1.0,street,0
2021,6,Baku,AlphaTauri,GAS,TSU,-4.0,-3.0,14.0,0,-1.9999999999999991,street,1
2021,6,Baku,AlphaTauri,TSU,GAS,4.0,3.0,-14.0,0,1.9999999999999991,street,0
2021,6,Baku,Ferrari,LEC,SAI,-4.0,-4.0,2.0,0,-0.5,street,1
2021,6,Baku,Ferrari,SAI,LEC,4.0,4.0,-2.0,0,0.5,street,0
2021,6,Baku,Haas F1 Team,MSC,MAZ,-1.0,-1.0,0.0,0,-0.5,street,1
2021,6,Baku,Haas F1 Team,MAZ,MSC,1.0,1.0,0.0,0,0.5,street,0
2021,6,Baku,McLaren,NOR,RIC,-7.0,-4.0,32.0,0,-3.75,street,1
2021,6,Baku,McLaren,RIC,NOR,7.0,4.0,-32.0,0,3.75,street,0
2021,6,Baku,Mercedes,BOT,HAM,8.0,8.0,-54.0,0,2.5,street,1
2021,6,Baku,Mercedes,HAM,BOT,-8.0,-8.0,54.0,0,-2.5,street,0
2021,7,Le Castellet,Alfa Romeo Racing,GIO,RAI,-4.0,-4.0,0.0,0,-2.0,permanent,1
2021,7,Le Castellet,Alfa Romeo Racing,RAI,GIO,4.0,4.0,0.0,0,2.0,permanent,0
2021,7,Le Castellet,AlphaTauri,GAS,TSU,-14.0,6.0,23.0,0,-3.5,permanent,1
2021,7,Le Castellet,AlphaTauri,TSU,GAS,14.0,-6.0,-23.0,0,3.5,permanent,0
2021,7,Le Castellet,Alpine,ALO,OCO,-2.0,-2.0,1.0,0,-4.0,permanent,1
2021,7,Le Castellet,Alpine,OCO,ALO,2.0,2.0,-1.0,0,4.0,permanent,0
2021,7,Le Castellet,Aston Martin,VET,STR,-7.0,-7.0,19.0,0,0.0,permanent,1
2021,7,Le Castellet,Aston Martin,STR,VET,7.0,7.0,-19.0,0,0.0,permanent,0
2021,7,Le Castellet,Ferrari,SAI,LEC,-2.0,-2.0,-10.0,0,-8.0,permanent,1
2021,7,Le Castellet,Ferrari,LEC,SAI,2.0,2.0,10.0,0,8.0,permanent,0
2021,7,Le Castellet,Haas F1 Team,MSC,MAZ,-3.0,-3.0,0.0,0,-3.0,permanent,1
2021,7,Le Castellet,Haas F1 Team,MAZ,MSC,3.0,3.0,0.0,0,3.0,permanent,0
2021,7,Le Castellet,McLaren,NOR,RIC,-2.0,-2.0,40.0,0,-1.5,permanent,1
2021,7,Le Castellet,McLaren,RIC,NOR,2.0,2.0,-40.0,0,1.5,permanent,0
2021,7,Le Castellet,Mercedes,HAM,BOT,-1.0,-1.0,54.0,0,-7.0,permanent,1
2021,7,Le Castellet,Mercedes,BOT,HAM,1.0,1.0,-54.0,0,7.0,permanent,0
2021,7,Le Castellet,Red Bull Racing,VER,PER,-3.0,-3.0,35.0,0,-2.5,permanent,1
2021,7,Le Castellet,Red Bull Racing,PER,VER,3.0,3.0,-35.0,0,2.5,permanent,0
2021,7,Le Castellet,Williams,RUS,LAT,-2.0,-2.0,0.0,0,-10.5,permanent,1
2021,7,Le Castellet,Williams,LAT,RUS,2.0,2.0,0.0,0,10.5,permanent,0
2021,8,Spielberg,Alfa Romeo Racing,RAI,GIO,3.0,3.0,0.0,0,-1.5,permanent,1
2021,8,Spielberg,Alfa Romeo Racing,GIO,RAI,-3.0,-3.0,0.0,0,1.5,permanent,0
2021,8,Spielberg,Alpine,ALO,OCO,-8.0,-9.0,5.0,0,-4.5,permanent,1
2021,8,Spielberg,Alpine,OCO,ALO,8.0,9.0,-5.0,0,4.5,permanent,0
2021,8,Spielberg,Aston Martin,STR,VET,-4.0,-5.0,-20.0,0,-1.5,permanent,1
2021,8,Spielberg,Aston Martin,VET,STR,4.0,5.0,20.0,0,1.5,permanent,0
2021,8,Spielberg,Ferrari,SAI,LEC,5.0,5.0,-10.0,0,-0.5,permanent,1
2021,8,Spielberg,Ferrari,LEC,SAI,-5.0,-5.0,10.0,0,0.5,permanent,0
2021,8,Spielberg,McLaren,NOR,RIC,-9.0,-10.0,42.0,0,-7.0,permanent,1
2021,8,Spielberg,McLaren,RIC,NOR,9.0,10.0,-42.0,0,7.0,permanent,0
2021,8,Spielberg,Mercedes,HAM,BOT,1.0,-3.0,60.0,0,0.8333333333333335,permanent,1
2021,8,Spielberg,Mercedes,BOT,HAM,-1.0,3.0,-60.0,0,-0.8333333333333335,permanent,0
2021,8,Spielberg,Red Bull Racing,VER,PER,-4.0,-3.0,45.0,0,-4.0,permanent,1
2021,8,Spielberg,Red Bull Racing,PER,VER,4.0,3.0,-45.0,0,4.0,permanent,0
2021,9,Spielberg,Alfa Romeo Racing,GIO,RAI,-1.0,-1.0,0.0,0,1.5,permanent,1
2021,9,Spielberg,Alfa Romeo Racing,RAI,GIO,1.0,1.0,0.0,0,-1.5,permanent,0
2021,9,Spielberg,AlphaTauri,GAS,TSU,-1.0,-1.0,28.0,0,-2.0,permanent,1
2021,9,Spielberg,AlphaTauri,TSU,GAS,1.0,1.0,-28.0,0,2.0,permanent,0
2021,9,Spielberg,Ferrari,SAI,LEC,-1.0,-2.0,-8.0,0,-0.5,permanent,1
2021,9,Spielberg,Ferrari,LEC,SAI,1.0,2.0,8.0,0,0.5,permanent,0
2021,9,Spielberg,McLaren,NOR,RIC,-11.0,-11.0,52.0,0,-7.0,permanent,1
2021,9,Spielberg,McLaren,RIC,NOR,11.0,11.0,-52.0,0,7.0,permanent,0
2021,9,Spielberg,Mercedes,BOT,HAM,1.0,1.0,-63.0,0,-0.8333333333333335,permanent,1
2021,9,Spielberg,Mercedes,HAM,BOT,-1.0,-1.0,63.0,0,0.8333333333333335,permanent,0
2021,9,Spielberg,Red Bull Racing,VER,PER,-2.0,-2.0,58.0,0,-4.0,permanent,1
2021,9,Spielberg,Red Bull Racing,PER,VER,2.0,2.0,-58.0,0,4.0,permanent,0
2021,9,Spielberg,Williams,RUS,LAT,-9.0,-10.0,0.0,0,-8.0,permanent,1
2021,9,Spielberg,Williams,LAT,RUS,9.0,10.0,0.0,0,8.0,permanent,0
2021,11,Budapest,Alfa Romeo Racing,RAI,GIO,-1.0,13.0,0.0,0,-3.0,permanent,1
2021,11,Budapest,Alfa Romeo Racing,GIO,RAI,1.0,-13.0,0.0,0,3.0,permanent,0
2021,11,Budapest,AlphaTauri,GAS,TSU,-11.0,-11.0,30.0,0,1.0,permanent,1
2021,11,Budapest,AlphaTauri,TSU,GAS,11.0,11.0,-30.0,0,-1.0,permanent,0
2021,11,Budapest,Alpine,OCO,ALO,-1.0,-1.0,-8.0,0,-2.4000000000000004,permanent,1
2021,11,Budapest,Alpine,ALO,OCO,1.0,1.0,8.0,0,2.4000000000000004,permanent,0
2021,11,Budapest,Williams,LAT,RUS,1.0,1.0,0.0,0,6.9,permanent,1
2021,11,Budapest,Williams,RUS,LAT,-1.0,-1.0,0.0,0,-6.9,permanent,0
2021,12,Spa-Francorchamps,Alfa Romeo Racing,GIO,RAI,-3.0,14.0,-1.0,0,-5.0,permanent,1
2021,12,Spa-Francorchamps,Alfa Romeo Racing,RAI,GIO,3.0,-14.0,1.0,0,5.0,permanent,0
2021,12,Spa-Francorchamps,AlphaTauri,GAS,TSU,-11.0,-10.0,32.0,0,-5.333333333333332,permanent,1
2021,12,Spa-Francorchamps,AlphaTauri,TSU,GAS,11.0,10.0,-32.0,0,5.333333333333332,permanent,0
2021,12,Spa-Francorchamps,Alpine,OCO,ALO,-5.0,-4.0,5.0,0,-0.33333333333333304,permanent,1
2021,12,Spa-Francorchamps,Alpine,ALO,OCO,5.0,4.0,-5.0,0,0.33333333333333304,permanent,0
2021,12,Spa-Francorchamps,Aston Martin,VET,STR,-10.0,-14.0,16.0,0,-7.5,permanent,1
2021,12,Spa-Francorchamps,Aston Martin,STR,VET,10.0,14.0,-16.0,0,7.5,permanent,0
2021,12,Spa-Francorchamps,Ferrari,LEC,SAI,-2.0,-2.0,-13.0,0,-0.6666666666666661,permanent,1
2021,12,Spa-Francorchamps,Ferrari,SAI,LEC,2.0,2.0,13.0,0,0.6666666666666661,permanent,0
2021,12,Spa-Francorchamps,Haas F1 Team,MSC,MAZ,-2.0,-1.0,0.0,0,-0.5,permanent,1
2021,12,Spa-Francorchamps,Haas F1 Team,MAZ,MSC,2.0,1.0,0.0,0,0.5,permanent,0
2021,12,Spa-Francorchamps,McLaren,RIC,NOR,-6.0,-11.0,-61.0,0,-0.6666666666666679,permanent,1
2021,12,Spa-Francorchamps,McLaren,NOR,RIC,6.0,11.0,61.0,0,0.6666666666666679,permanent,0
2021,12,Spa-Francorchamps,Mercedes,HAM,BOT,-5.0,-10.0,75.0,0,-11.5,permanent,1
2021,12,Spa-Francorchamps,Mercedes,BOT,HAM,5.0,10.0,-75.0,0,11.5,permanent,0
2021,12,Spa-Francorchamps,Red Bull Racing,VER,PER,-6.0,1.0,77.0,0,-7.333333333333334,permanent,1
2021,12,Spa-Francorchamps,Red Bull Racing,PER,VER,6.0,-1.0,-77.0,0,7.333333333333334,permanent,0
2021,12,Spa-Francorchamps,Williams,RUS,LAT,-10.0,-8.0,-2.0,0,-10.5,permanent,1
2021,12,Spa-Francorchamps,Williams,LAT,RUS,10.0,8.0,2.0,0,10.5,permanent,0
2021,13,Zandvoort,Alpine,ALO,OCO,1.0,1.0,-11.0,0,-4.333333333333333,permanent,1
2021,13,Zandvoort,Alpine,OCO,ALO,-1.0,-1.0,11.0,0,4.333333333333333,permanent,0
2021,13,Zandvoort,Ferrari,LEC,SAI,-1.0,-1.0,-10.0,0,-3.5,permanent,1
2021,13,Zandvoort,Ferrari,SAI,LEC,1.0,1.0,10.0,0,3.5,permanent,0
2021,13,Zandvoort,McLaren,NOR,RIC,3.0,3.0,49.0,0,-5.0,permanent,1
2021,13,Zandvoort,McLaren,RIC,NOR,-3.0,-3.0,-49.0,0,5.0,permanent,0
2021,13,Zandvoort,Mercedes,HAM,BOT,-1.0,-1.0,90.0,0,-3.166666666666667,permanent,1
2021,13,Zandvoort,Mercedes,BOT,HAM,1.0,1.0,-90.0,0,3.166666666666667,permanent,0
2021,13,Zandvoort,Red Bull Racing,VER,PER,-15.0,1.0,102.0,0,-4.5,permanent,1
2021,13,Zandvoort,Red Bull Racing,PER,VER,15.0,-1.0,-102.0,0,4.5,permanent,0
2021,15,Sochi,Alfa Romeo Racing,RAI,GIO,-2.0,-4.0,1.0,0,-8.0,permanent,1
2021,15,Sochi,Alfa Romeo Racing,GIO,RAI,2.0,4.0,-1.0,0,8.0,permanent,0
2021,15,Sochi,AlphaTauri,GAS,TSU,-1.0,-1.0,52.0,0,-4.0,permanent,1
2021,15,Sochi,AlphaTauri,TSU,GAS,1.0,1.0,-52.0,0,4.0,permanent,0
2021,15,Sochi,Alpine,ALO,OCO,-4.0,-3.0,-5.0,0,-8.0,permanent,1
2021,15,Sochi,Alpine,OCO,ALO,4.0,3.0,5.0,0,8.0,permanent,0
2021,15,Sochi,Aston Martin,STR,VET,-3.0,-3.0,-26.0,0,-1.0,permanent,1
2021,15,Sochi,Aston Martin,VET,STR,3.0,3.0,26.0,0,1.0,permanent,0
2021,15,Sochi,Ferrari,SAI,LEC,-13.0,-17.0,6.0,0,-12.0,permanent,1
2021,15,Sochi,Ferrari,LEC,SAI,13.0,17.0,-6.0,0,12.0,permanent,0
2021,15,Sochi,McLaren,RIC,NOR,4.0,4.0,-50.0,0,-3.0,permanent,1
2021,15,Sochi,McLaren,NOR,RIC,-4.0,-4.0,50.0,0,3.0,permanent,0
2021,15,Sochi,Mercedes,HAM,BOT,-3.0,-12.0,93.0,0,-4.0,permanent,1
2021,15,Sochi,Mercedes,BOT,HAM,3.0,12.0,-93.0,0,4.0,permanent,0
2021,15,Sochi,Red Bull Racing,VER,PER,11.0,12.0,123.0,0,-7.0,permanent,1
2021,15,Sochi,Red Bull Racing,PER,VER,-11.0,-12.0,-123.0,0,7.0,permanent,0
2021,16,Istanbul,Alfa Romeo Racing,GIO,RAI,-1.0,-1.0,-5.0,0,-1.0,permanent,1
2021,16,Istanbul,Alfa Romeo Racing,RAI,GIO,1.0,1.0,5.0,0,1.0,permanent,0
2021,16,Istanbul,AlphaTauri,GAS,TSU,-5.0,-5.0,52.0,0,-8.0,permanent,1
2021,16,Istanbul,AlphaTauri,TSU,GAS,5.0,5.0,-52.0,0,8.0,permanent,0
2021,16,Istanbul,Alpine,OCO,ALO,6.0,7.0,-3.0,0,-6.0,permanent,1
2021,16,Istanbul,Alpine,ALO,OCO,-6.0,-7.0,3.0,0,6.0,permanent,0
2021,16,Istanbul,Aston Martin,STR,VET,-2.0,-2.0,-26.0,0,-9.0,permanent,1
2021,16,Istanbul,Aston Martin,VET,STR,2.0,2.0,26.0,0,9.0,permanent,0
2021,16,Istanbul,Ferrari,LEC,SAI,-11.0,-16.0,-21.0,0,-4.0,permanent,1
2021,16,Istanbul,Ferrari,SAI,LEC,11.0,16.0,21.0,0,4.0,permanent,0
2021,16,Istanbul,McLaren,NOR,RIC,-8.0,-13.0,44.0,0,-6.0,permanent,1
2021,16,Istanbul,McLaren,RIC,NOR,8.0,13.0,-44.0,0,6.0,permanent,0
2021,16,Istanbul,Mercedes,BOT,HAM,1.0,-10.0,-108.0,0,-4.0,permanent,1
2021,16,Istanbul,Mercedes,HAM,BOT,-1.0,10.0,108.0,0,4.0,permanent,0
2021,16,Istanbul,Red Bull Racing,VER,PER,-4.0,-4.0,139.0,0,-1.0,permanent,1
2021,16,Istanbul,Red Bull Racing,PER,VER,4.0,4.0,-139.0,0,1.0,permanent,0
2021,16,Istanbul,Williams,RUS,LAT,-4.0,-2.0,15.0,0,-2.0,permanent,1
2021,16,Istanbul,Williams,LAT,RUS,4.0,2.0,-15.0,0,2.0,permanent,0
2021,17,Austin,Alfa Romeo Racing,GIO,RAI,-5.0,-3.0,-5.0,0,-2.0,permanent,1
2021,17,Austin,Alfa Romeo Racing,RAI,GIO,5.0,3.0,5.0,0,2.0,permanent,0
2021,17,Austin,Aston Martin,VET,STR,-4.0,5.0,24.0,0,-3.0,permanent,1
2021,17,Austin,Aston Martin,STR,VET,4.0,-5.0,-24.0,0,3.0,permanent,0
2021,17,Austin,Ferrari,LEC,SAI,-1.0,-1.0,-13.0,0,-3.5,permanent,1
2021,17,Austin,Ferrari,SAI,LEC,1.0,1.0,13.0,0,3.5,permanent,0
2021,17,Austin,McLaren,RIC,NOR,-1.0,-1.0,-50.0,0,3.5,permanent,1
2021,17,Austin,McLaren,NOR,RIC,1.0,1.0,50.0,0,-3.5,permanent,0
2021,17,Austin,Mercedes,HAM,BOT,-2.0,-7.0,93.0,0,-4.0,permanent,1
2021,17,Austin,Mercedes,BOT,HAM,2.0,7.0,-93.0,0,4.0,permanent,0
2021,17,Austin,Red Bull Racing,VER,PER,-2.0,-2.0,142.0,0,-2.5,permanent,1
2021,17,Austin,Red Bull Racing,PER,VER,2.0,2.0,-142.0,0,2.5,permanent,0
2021,17,Austin,Williams,RUS,LAT,-2.0,6.0,15.0,0,-6.5,permanent,1
2021,17,Austin,Williams,LAT,RUS,2.0,-6.0,-15.0,0,6.5,permanent,0
2021,18,Mexico City,Alfa Romeo Racing,RAI,GIO,-2.0,-1.0,5.0,0,-3.0,permanent,1
2021,18,Mexico City,Alfa Romeo Racing,GIO,RAI,2.0,1.0,-5.0,0,3.0,permanent,0
2021,18,Mexico City,Alpine,ALO,OCO,1.0,-7.0,2.0,0,-1.666666666666666,permanent,1
2021,18,Mexico City,Alpine,OCO,ALO,-1.0,7.0,-2.0,0,1.666666666666666,permanent,0
2021,18,Mexico City,Ferrari,LEC,SAI,2.0,2.0,-7.0,0,-0.4166666666666665,permanent,1
2021,18,Mexico City,Ferrari,SAI,LEC,-2.0,-2.0,7.0,0,0.4166666666666665,permanent,0
2021,18,Mexico City,McLaren,NOR,RIC,3.0,11.0,44.0,0,-5.0,permanent,1
2021,18,Mexico City,McLaren,RIC,NOR,-3.0,-11.0,-44.0,0,5.0,permanent,0
2021,18,Mexico City,Red Bull Racing,VER,PER,-1.0,-1.0,152.0,0,-0.25,permanent,1
2021,18,Mexico City,Red Bull Racing,PER,VER,1.0,1.0,-152.0,0,0.25,permanent,0
2021,20,Lusail,Alfa Romeo Racing,RAI,GIO,-2.0,-2.0,9.0,0,-1.0,permanent,1
2021,20,Lusail,Alfa Romeo Racing,GIO,RAI,2.0,2.0,-9.0,0,1.0,permanent,0
2021,20,Lusail,AlphaTauri,GAS,TSU,-4.0,-6.0,70.0,0,-2.0,permanent,1
2021,20,Lusail,AlphaTauri,TSU,GAS,4.0,6.0,-70.0,0,2.0,permanent,0
2021,20,Lusail,Alpine,ALO,OCO,-4.0,-6.0,4.0,0,-2.0,permanent,1
2021,20,Lusail,Alpine,OCO,ALO,4.0,6.0,-4.0,0,2.0,permanent,0
2021,20,Lusail,Aston Martin,STR,VET,2.0,2.0,-31.0,0,-4.0,permanent,1
2021,20,Lusail,Aston Martin,VET,STR,-2.0,-2.0,31.0,0,4.0,permanent,0
2021,20,Lusail,Ferrari,SAI,LEC,-6.0,-8.0,5.0,0,-1.0,permanent,1
2021,20,Lusail,Ferrari,LEC,SAI,6.0,8.0,-5.0,0,1.0,permanent,0
2021,20,Lusail,McLaren,NOR,RIC,-8.0,-10.0,45.0,0,-3.0,permanent,1
2021,20,Lusail,McLaren,RIC,NOR,8.0,10.0,-45.0,0,3.0,permanent,0
2021,20,Lusail,Red Bull Racing,VER,PER,-9.0,-4.0,162.0,0,-2.0,permanent,1
2021,20,Lusail,Red Bull Racing,PER,VER,9.0,4.0,-162.0,0,2.0,permanent,0
2021,21,Jeddah,Alfa Romeo Racing,GIO,RAI,-2.0,-2.0,-9.0,0,-6.0,street,1
2021,21,Jeddah,Alfa Romeo Racing,RAI,GIO,2.0,2.0,9.0,0,6.0,street,0
2021,21,Jeddah,AlphaTauri,GAS,TSU,-2.0,-2.0,70.0,0,-4.833333333333333,street,1
2021,21,Jeddah,AlphaTauri,TSU,GAS,2.0,2.0,-70.0,0,4.833333333333333,street,0
2021,21,Jeddah,Alpine,OCO,ALO,-4.0,-4.0,-9.0,0,0.0,street,1
2021,21,Jeddah,Alpine,ALO,OCO,4.0,4.0,9.0,0,0.0,street,0
2021,21,Jeddah,Ferrari,LEC,SAI,-11.0,-11.0,-7.0,0,-1.8499999999999996,street,1
2021,21,Jeddah,Ferrari,SAI,LEC,11.0,11.0,7.0,0,1.8499999999999996,street,0
2021,21,Jeddah,McLaren,RIC,NOR,4.0,4.0,-47.0,0,-4.199999999999999,street,1
2021,21,Jeddah,McLaren,NOR,RIC,-4.0,-4.0,47.0,0,4.199999999999999,street,0
2021,21,Jeddah,Mercedes,HAM,BOT,-1.0,-1.0,146.0,0,3.4000000000000004,street,1
2021,21,Jeddah,Mercedes,BOT,HAM,1.0,1.0,-146.0,0,-3.4000000000000004,street,0
2021,22,Yas Island,AlphaTauri,TSU,GAS,-4.0,-4.0,-78.0,0,-2.083333333333333,permanent,1
2021,22,Yas Island,AlphaTauri,GAS,TSU,4.0,4.0,78.0,0,2.083333333333333,permanent,0
2021,22,Yas Island,Alpine,ALO,OCO,2.0,2.0,-3.0,0,-1.333333333333334,permanent,1
2021,22,Yas Island,Alpine,OCO,ALO,-2.0,-2.0,3.0,0,1.333333333333334,permanent,0
2021,22,Yas Island,Aston Martin,VET,STR,2.0,2.0,24.0,0,0.16666666666666607,permanent,1
2021,22,Yas Island,Aston Martin,STR,VET,-2.0,-2.0,-24.0,0,-0.16666666666666607,permanent,0
2021,22,Yas Island,Ferrari,SAI,LEC,-2.0,-2.0,5.0,0,-1.25,permanent,1
2021,22,Yas Island,Ferrari,LEC,SAI,2.0,2.0,-5.0,0,1.25,permanent,0
2021,22,Yas Island,McLaren,NOR,RIC,-7.0,-7.0,38.0,0,-5.916666666666666,permanent,1
2021,22,Yas Island,McLaren,RIC,NOR,7.0,7.0,-38.0,0,5.916666666666666,permanent,0
2021,22,Yas Island,Mercedes,HAM,BOT,-4.0,-4.0,156.0,0,-5.5,permanent,1
2021,22,Yas Island,Mercedes,BOT,HAM,4.0,4.0,-156.0,0,5.5,permanent,0
2022,1,Sakhir,Alfa Romeo,BOT,ZHO,-9.0,-9.0,0.0,1,-4.333333333333333,permanent,1
2022,1,Sakhir,Alfa Romeo,ZHO,BOT,9.0,9.0,0.0,-1,4.333333333333333,permanent,0
2022,1,Sakhir,Alpine,OCO,ALO,3.0,3.0,0.0,0,0.3333333333333339,permanent,1
2022,1,Sakhir,Alpine,ALO,OCO,-3.0,-3.0,0.0,0,-0.3333333333333339,permanent,0
2022,1,Sakhir,Aston Martin,STR,HUL,2.0,2.0,0.0,1,-6.0,permanent,1
2022,1,Sakhir,Aston Martin,HUL,STR,-2.0,-2.0,0.0,-1,6.0,permanent,0
2022,1,Sakhir,Ferrari,LEC,SAI,-2.0,-2.0,0.0,0,-0.5,permanent,1
2022,1,Sakhir,Ferrari,SAI,LEC,2.0,2.0,0.0,0,0.5,permanent,0
2022,1,Sakhir,Haas F1 Team,MAG,MSC,-5.0,-5.0,0.0,-1,-8.5,permanent,1
2022,1,Sakhir,Haas F1 Team,MSC,MAG,5.0,5.0,0.0,1,8.5,permanent,0
2022,1,Sakhir,McLaren,RIC,NOR,5.0,5.0,0.0,0,3.5,permanent,1
2022,1,Sakhir,McLaren,NOR,RIC,-5.0,-5.0,0.0,0,-3.5,permanent,0
2022,1,Sakhir,Mercedes,HAM,RUS,-4.0,-4.0,0.0,0,-2.2,permanent,1
2022,1,Sakhir,Mercedes,RUS,HAM,4.0,4.0,0.0,0,2.2,permanent,0
2022,1,Sakhir,Williams,ALB,LAT,-6.0,-6.0,0.0,-1,-4.333333333333334,permanent,1
2022,1,Sakhir,Williams,LAT,ALB,6.0,6.0,0.0,1,4.333333333333334,permanent,0
2022,2,Jeddah,Aston Martin,HUL,STR,3.0,4.0,0.0,-1,-0.6666666666666661,street,1
2022,2,Jeddah,Aston Martin,STR,HUL,-3.0,-4.0,0.0,1,0.6666666666666661,street,0
2022,2,Jeddah,Ferrari,LEC,SAI,-1.0,-1.0,7.0,0,-1.8499999999999996,street,1
2022,2,Jeddah,Ferrari,SAI,LEC,1.0,1.0,-7.0,0,1.8499999999999996,street,0
2022,2,Jeddah,Mercedes,RUS,HAM,-10.0,-9.0,-3.0,0,-1.4000000000000004,street,1
2022,2,Jeddah,Mercedes,HAM,RUS,10.0,9.0,3.0,0,1.4000000000000004,street,0
2022,2,Jeddah,Red Bull Racing,VER,PER,3.0,3.0,0.0,0,-0.7333333333333334,street,1
2022,2,Jeddah,Red Bull Racing,PER,VER,-3.0,-3.0,0.0,0,0.7333333333333334,street,0
2022,3,Melbourne,Alfa Romeo,BOT,ZHO,-2.0,-2.0,7.0,1,-0.5,permanent,1
2022,3,Melbourne,Alfa Romeo,ZHO,BOT,2.0,2.0,-7.0,-1,0.5,permanent,0
2022,3,Melbourne,AlphaTauri,GAS,TSU,-2.0,-2.0,0.0,0,-1.0,permanent,1
2022,3,Melbourne,AlphaTauri,TSU,GAS,2.0,2.0,0.0,0,1.0,permanent,0
2022,3,Melbourne,Alpine,OCO,ALO,-2.0,-2.0,12.0,0,0.6666666666666661,permanent,1
2022,3,Melbourne,Alpine,ALO,OCO,2.0,2.0,-12.0,0,-0.6666666666666661,permanent,0
2022,3,Melbourne,Haas F1 Team,MSC,MAG,-2.0,-1.0,-12.0,1,-1.0,permanent,1
2022,3,Melbourne,Haas F1 Team,MAG,MSC,2.0,1.0,12.0,-1,1.0,permanent,0
2022,3,Melbourne,McLaren,NOR,RIC,-3.0,-3.0,6.0,0,-2.25,permanent,1
2022,3,Melbourne,McLaren,RIC,NOR,3.0,3.0,-6.0,0,2.25,permanent,0
2022,3,Melbourne,Mercedes,RUS,HAM,1.0,1.0,6.0,0,-2.333333333333333,permanent,1
2022,3,Melbourne,Mercedes,HAM,RUS,-1.0,-1.0,-6.0,0,2.333333333333333,permanent,0
2022,3,Melbourne,Williams,ALB,LAT,-3.0,2.0,0.0,-1,-8.5,permanent,1
2022,3,Melbourne,Williams,LAT,ALB,3.0,-2.0,0.0,1,8.5,permanent,0
2022,5,Miami,Alpine,OCO,ALO,9.0,9.0,18.0,0,1.5,street,1
2022,5,Miami,Alpine,ALO,OCO,-9.0,-9.0,-18.0,0,-1.5,street,0
2022,5,Miami,Ferrari,LEC,SAI,-1.0,-1.0,35.0,0,0.5,street,1
2022,5,Miami,Ferrari,SAI,LEC,1.0,1.0,-35.0,0,-0.5,street,0
2022,5,Miami,Mercedes,RUS,HAM,6.0,6.0,9.0,0,-1.5,street,1
2022,5,Miami,Mercedes,HAM,RUS,-6.0,-6.0,-9.0,0,1.5,street,0
2022,5,Miami,Red Bull Racing,VER,PER,-1.0,-1.0,-5.0,0,-2.0,street,1
2022,5,Miami,Red Bull Racing,PER,VER,1.0,1.0,5.0,0,2.0,street,0
2022,5,Miami,Williams,ALB,LAT,-1.0,-1.0,1.0,-1,-2.5,street,1
2022,5,Miami,Williams,LAT,ALB,1.0,1.0,-1.0,1,2.5,street,0
2022,6,Barcelona,AlphaTauri,TSU,GAS,-1.0,-1.0,-2.0,0,1.666666666666666,permanent,1
2022,6,Barcelona,AlphaTauri,GAS,TSU,1.0,1.0,2.0,0,-1.666666666666666,permanent,0
2022,6,Barcelona,Alpine,OCO,ALO,-5.0,-8.0,22.0,0,-0.5,permanent,1
2022,6,Barcelona,Alpine,ALO,OCO,5.0,8.0,-22.0,0,0.5,permanent,0
2022,6,Barcelona,Aston Martin,VET,STR,-2.0,-1.0,-1.0,0,1.333333333333334,permanent,1
2022,6,Barcelona,Aston Martin,STR,VET,2.0,1.0,1.0,0,-1.333333333333334,permanent,0
2022,6,Barcelona,McLaren,NOR,RIC,2.0,2.0,8.0,0,-4.0,permanent,1
2022,6,Barcelona,McLaren,RIC,NOR,-2.0,-2.0,-8.0,0,4.0,permanent,0
2022,6,Barcelona,Mercedes,RUS,HAM,-2.0,-2.0,11.0,0,2.1999999999999997,permanent,1
2022,6,Barcelona,Mercedes,HAM,RUS,2.0,2.0,-11.0,0,-2.1999999999999997,permanent,0
2022,6,Barcelona,Red Bull Racing,VER,PER,-3.0,-3.0,8.0,0,-1.75,permanent,1
2022,6,Barcelona,Red Bull Racing,PER,VER,3.0,3.0,-8.0,0,1.75,permanent,0
2022,7,Monaco,Alfa Romeo,BOT,ZHO,-8.0,-8.0,25.0,1,-7.0,street,1
2022,7,Monaco,Alfa Romeo,ZHO,BOT,8.0,8.0,-25.0,-1,7.0,street,0
2022,7,Monaco,AlphaTauri,GAS,TSU,6.0,6.0,1.0,0,-8.0,street,1
2022,7,Monaco,AlphaTauri,TSU,GAS,-6.0,-6.0,-1.0,0,8.0,street,0
2022,7,Monaco,Alpine,ALO,OCO,-3.0,-3.0,-26.0,0,-3.0,street,1
2022,7,Monaco,Alpine,OCO,ALO,3.0,3.0,26.0,0,3.0,street,0
2022,7,Monaco,Aston Martin,VET,STR,-9.0,-9.0,-1.0,0,-4.0,street,1
2022,7,Monaco,Aston Martin,STR,VET,9.0,9.0,1.0,0,4.0,street,0
2022,7,Monaco,Ferrari,SAI,LEC,1.0,1.0,-26.0,0,1.083333333333333,street,1
2022,7,Monaco,Ferrari,LEC,SAI,-1.0,-1.0,26.0,0,-1.083333333333333,street,0
2022,7,Monaco,McLaren,NOR,RIC,-9.0,-9.0,12.0,0,-9.333333333333334,street,1
2022,7,Monaco,McLaren,RIC,NOR,9.0,9.0,-12.0,0,9.333333333333334,street,0
2022,7,Monaco,Mercedes,RUS,HAM,-2.0,-2.0,16.0,0,-1.0,street,1
2022,7,Monaco,Mercedes,HAM,RUS,2.0,2.0,-16.0,0,1.0,street,0
2022,7,Monaco,Red Bull Racing,PER,VER,-1.0,-1.0,-15.0,0,-2.5,street,1
2022,7,Monaco,Red Bull Racing,VER,PER,1.0,1.0,15.0,0,2.5,street,0
2022,8,Baku,AlphaTauri,GAS,TSU,-2.0,-2.0,1.0,0,-1.9999999999999991,street,1
2022,8,Baku,AlphaTauri,TSU,GAS,2.0,2.0,-1.0,0,1.9999999999999991,street,0
2022,8,Baku,Alpine,ALO,OCO,-3.0,-3.0,-20.0,0,-3.5,street,1
2022,8,Baku,Alpine,OCO,ALO,3.0,3.0,20.0,0,3.5,street,0
2022,8,Baku,McLaren,RIC,NOR,1.0,1.0,-20.0,0,3.75,street,1
2022,8,Baku,McLaren,NOR,RIC,-1.0,-1.0,20.0,0,-3.75,street,0
2022,8,Baku,Mercedes,RUS,HAM,-2.0,-2.0,22.0,0,-6.333333333333334,street,1
2022,8,Baku,Mercedes,HAM,RUS,2.0,2.0,-22.0,0,6.333333333333334,street,0
2022,8,Baku,Red Bull Racing,VER,PER,1.0,1.0,5.0,0,0.8333333333333335,street,1
2022,8,Baku,Red Bull Racing,PER,VER,-1.0,-1.0,-5.0,0,-0.8333333333333335,street,0
2022,8,Baku,Williams,ALB,LAT,-1.0,-1.0,3.0,-1,-4.833333333333334,street,1
2022,8,Baku,Williams,LAT,ALB,1.0,1.0,-3.0,1,4.833333333333334,street,0
2022,9,Montréal,Alfa Romeo,BOT,ZHO,1.0,1.0,27.0,1,2.0,permanent,1
2022,9,Montréal,Alfa Romeo,ZHO,BOT,-1.0,-1.0,-27.0,-1,-2.0,permanent,0
2022,9,Montréal,Alpine,OCO,ALO,5.0,5.0,15.0,0,2.0,permanent,1
2022,9,Montréal,Alpine,ALO,OCO,-5.0,-5.0,-15.0,0,-2.0,permanent,0
2022,9,Montréal,Aston Martin,STR,VET,1.0,1.0,-8.0,0,-3.333333333333334,permanent,1
2022,9,Montréal,Aston Martin,VET,STR,-1.0,-1.0,8.0,0,3.333333333333334,permanent,0
2022,9,Montréal,Ferrari,SAI,LEC,-12.0,-16.0,-20.0,0,-1.166666666666667,permanent,1
2022,9,Montréal,Ferrari,LEC,SAI,12.0,16.0,20.0,0,1.166666666666667,permanent,0
2022,9,Montréal,McLaren,RIC,NOR,-5.0,-5.0,-18.0,0,-0.5,permanent,1
2022,9,Montréal,McLaren,NOR,RIC,5.0,5.0,18.0,0,0.5,permanent,0
2022,9,Montréal,Mercedes,HAM,RUS,-4.0,-4.0,-25.0,0,1.3333333333333335,permanent,1
2022,9,Montréal,Mercedes,RUS,HAM,4.0,4.0,25.0,0,-1.3333333333333335,permanent,0
2022,9,Montréal,Williams,ALB,LAT,-7.0,-6.0,3.0,-1,-6.0,permanent,1
2022,9,Montréal,Williams,LAT,ALB,7.0,6.0,-3.0,1,6.0,permanent,0
2022,10,Silverstone,Aston Martin,VET,STR,-2.0,-2.0,7.0,0,-0.75,permanent,1
2022,10,Silverstone,Aston Martin,STR,VET,2.0,2.0,-7.0,0,0.75,permanent,0
2022,10,Silverstone,Ferrari,SAI,LEC,-2.0,-2.0,-12.0,0,-2.0,permanent,1
2022,10,Silverstone,Ferrari,LEC,SAI,2.0,2.0,12.0,0,2.0,permanent,0
2022,10,Silverstone,Haas F1 Team,MSC,MAG,2.0,2.0,-12.0,1,-3.0,permanent,1
2022,10,Silverstone,Haas F1 Team,MAG,MSC,-2.0,-2.0,12.0,-1,3.0,permanent,0
2022,10,Silverstone,McLaren,NOR,RIC,-8.0,-8.0,18.0,0,-10.0,permanent,1
2022,10,Silverstone,McLaren,RIC,NOR,8.0,8.0,-18.0,0,10.0,permanent,0
2022,10,Silverstone,Red Bull Racing,PER,VER,2.0,2.0,-37.0,0,0.25,permanent,1
2022,10,Silverstone,Red Bull Racing,VER,PER,-2.0,-2.0,37.0,0,-0.25,permanent,0
2022,12,Le Castellet,Alpine,ALO,OCO,-5.0,-3.0,-11.0,0,-4.0,permanent,1
2022,12,Le Castellet,Alpine,OCO,ALO,5.0,3.0,11.0,0,4.0,permanent,0
2022,12,Le Castellet,Aston Martin,STR,VET,3.0,3.0,-9.0,0,0.0,permanent,1
2022,12,Le Castellet,Aston Martin,VET,STR,-3.0,-3.0,9.0,0,0.0,permanent,0
2022,12,Le Castellet,McLaren,NOR,RIC,-6.0,-4.0,26.0,0,-1.5,permanent,1
2022,12,Le Castellet,McLaren,RIC,NOR,6.0,4.0,-26.0,0,1.5,permanent,0
2022,12,Le Castellet,Mercedes,HAM,RUS,-2.0,-2.0,-7.0,0,-5.5,permanent,1
2022,12,Le Castellet,Mercedes,RUS,HAM,2.0,2.0,7.0,0,5.5,permanent,0
2022,12,Le Castellet,Red Bull Racing,VER,PER,-1.0,-1.0,25.0,0,-2.5,permanent,1
2022,12,Le Castellet,Red Bull Racing,PER,VER,1.0,1.0,-25.0,0,2.5,permanent,0
2022,13,Budapest,Alpine,ALO,OCO,1.0,1.0,-7.0,0,2.4000000000000004,permanent,1
2022,13,Budapest,Alpine,OCO,ALO,-1.0,-1.0,7.0,0,-2.4000000000000004,permanent,0
2022,13,Budapest,Aston Martin,VET,STR,4.0,4.0,8.0,0,0.6666666666666661,permanent,1
2022,13,Budapest,Aston Martin,STR,VET,-4.0,-4.0,-8.0,0,-0.6666666666666661,permanent,0
2022,13,Budapest,Ferrari,SAI,LEC,-1.0,-1.0,11.0,0,0.0,permanent,1
2022,13,Budapest,Ferrari,LEC,SAI,1.0,1.0,-11.0,0,0.0,permanent,0
2022,13,Budapest,Haas F1 Team,MSC,MAG,2.0,2.0,-9.0,1,-3.0,permanent,1
2022,13,Budapest,Haas F1 Team,MAG,MSC,-2.0,-2.0,9.0,-1,3.0,permanent,0
2022,13,Budapest,McLaren,NOR,RIC,-5.0,-5.0,30.0,0,-10.0,permanent,1
2022,13,Budapest,McLaren,RIC,NOR,5.0,5.0,-30.0,0,10.0,permanent,0
2022,13,Budapest,Mercedes,HAM,RUS,6.0,6.0,-4.0,0,-2.8499999999999996,permanent,1
2022,13,Budapest,Mercedes,RUS,HAM,-6.0,-6.0,4.0,0,2.8499999999999996,permanent,0
2022,13,Budapest,Red Bull Racing,VER,PER,-1.0,-1.0,38.0,0,0.0,permanent,1
2022,13,Budapest,Red Bull Racing,PER,VER,1.0,1.0,-38.0,0,0.0,permanent,0
2022,13,Budapest,Williams,ALB,LAT,-3.0,-2.0,3.0,-1,4.5,permanent,1
2022,13,Budapest,Williams,LAT,ALB,3.0,2.0,-3.0,1,-4.5,permanent,0
2022,14,Spa-Francorchamps,AlphaTauri,GAS,TSU,-7.0,0.0,11.0,0,-5.333333333333332,permanent,1
2022,14,Spa-Francorchamps,AlphaTauri,TSU,GAS,7.0,0.0,-11.0,0,5.333333333333332,permanent,0
2022,14,Spa-Francorchamps,Alpine,ALO,OCO,1.0,-13.0,-5.0,0,0.33333333333333304,permanent,1
2022,14,Spa-Francorchamps,Alpine,OCO,ALO,-1.0,13.0,5.0,0,-0.33333333333333304,permanent,0
2022,14,Spa-Francorchamps,Aston Martin,VET,STR,2.0,1.0,9.0,0,-7.5,permanent,1
2022,14,Spa-Francorchamps,Aston Martin,STR,VET,-2.0,-1.0,-9.0,0,7.5,permanent,0
2022,14,Spa-Francorchamps,Ferrari,SAI,LEC,-2.0,-14.0,15.0,0,0.6666666666666661,permanent,1
2022,14,Spa-Francorchamps,Ferrari,LEC,SAI,2.0,14.0,-15.0,0,-0.6666666666666661,permanent,0
2022,14,Spa-Francorchamps,Haas F1 Team,MAG,MSC,3.0,-7.0,9.0,-1,-1.5,permanent,1
2022,14,Spa-Francorchamps,Haas F1 Team,MSC,MAG,-3.0,7.0,-9.0,1,1.5,permanent,0
2022,14,Spa-Francorchamps,McLaren,NOR,RIC,-1.0,10.0,36.0,0,0.6666666666666679,permanent,1
2022,14,Spa-Francorchamps,McLaren,RIC,NOR,1.0,-10.0,-36.0,0,-0.6666666666666679,permanent,0
2022,14,Spa-Francorchamps,Red Bull Racing,VER,PER,-2.0,12.0,53.0,0,-7.333333333333334,permanent,1
2022,14,Spa-Francorchamps,Red Bull Racing,PER,VER,2.0,-12.0,-53.0,0,7.333333333333334,permanent,0
2022,14,Spa-Francorchamps,Williams,ALB,LAT,-8.0,-5.0,3.0,-1,-2.5,permanent,1
2022,14,Spa-Francorchamps,Williams,LAT,ALB,8.0,5.0,-3.0,1,2.5,permanent,0
2022,16,Monza,Alfa Romeo,ZHO,BOT,2.0,-6.0,-29.0,-1,0.5,permanent,1
2022,16,Monza,Alfa Romeo,BOT,ZHO,-2.0,6.0,29.0,1,-0.5,permanent,0
2022,16,Monza,AlphaTauri,GAS,TSU,-6.0,-15.0,13.0,0,-2.0,permanent,1
2022,16,Monza,AlphaTauri,TSU,GAS,6.0,15.0,-13.0,0,2.0,permanent,0
2022,16,Monza,Ferrari,LEC,SAI,-2.0,-17.0,-22.0,0,-2.75,permanent,1
2022,16,Monza,Ferrari,SAI,LEC,2.0,17.0,22.0,0,2.75,permanent,0
2022,16,Monza,Haas F1 Team,MSC,MAG,1.0,1.0,-9.0,1,-1.0,permanent,1
2022,16,Monza,Haas F1 Team,MAG,MSC,-1.0,-1.0,9.0,-1,1.0,permanent,0
2022,16,Monza,Mercedes,RUS,HAM,1.0,-17.0,13.0,0,-0.5,permanent,1
2022,16,Monza,Mercedes,HAM,RUS,-1.0,17.0,-13.0,0,0.5,permanent,0
2022,16,Monza,Red Bull Racing,VER,PER,-2.0,-6.0,60.0,0,-3.083333333333333,permanent,1
2022,16,Monza,Red Bull Racing,PER,VER,2.0,6.0,-60.0,0,3.083333333333333,permanent,0
2022,16,Monza,Williams,DEV,LAT,-3.0,-2.0,0.0,-1,-6.0,permanent,1
2022,16,Monza,Williams,LAT,DEV,3.0,2.0,0.0,1,6.0,permanent,0
2022,17,Marina Bay,Aston Martin,STR,VET,-2.0,-2.0,-13.0,0,-2.0,permanent,1
2022,17,Marina Bay,Aston Martin,VET,STR,2.0,2.0,13.0,0,2.0,permanent,0
2022,17,Marina Bay,Ferrari,LEC,SAI,-3.0,-3.0,-16.0,0,0.5833333333333335,permanent,1
2022,17,Marina Bay,Ferrari,SAI,LEC,3.0,3.0,16.0,0,-0.5833333333333335,permanent,0
2022,17,Marina Bay,Haas F1 Team,MAG,MSC,-4.0,-3.0,9.0,-1,-2.0,permanent,1
2022,17,Marina Bay,Haas F1 Team,MSC,MAG,4.0,3.0,-9.0,1,2.0,permanent,0
2022,17,Marina Bay,McLaren,NOR,RIC,-11.0,-10.0,42.0,0,-2.5,permanent,1
2022,17,Marina Bay,McLaren,RIC,NOR,11.0,10.0,-42.0,0,2.5,permanent,0
2022,17,Marina Bay,Red Bull Racing,PER,VER,-6.0,-6.0,-77.0,0,0.5,permanent,1
2022,17,Marina Bay,Red Bull Racing,VER,PER,6.0,6.0,77.0,0,-0.5,permanent,0
2022,18,Suzuka,Alfa Romeo,BOT,ZHO,-2.0,-2.0,28.0,1,-1.0,permanent,1
2022,18,Suzuka,Alfa Romeo,ZHO,BOT,2.0,2.0,-28.0,-1,1.0,permanent,0
2022,18,Suzuka,AlphaTauri,TSU,GAS,-4.0,-4.0,-18.0,0,-1.166666666666666,permanent,1
2022,18,Suzuka,AlphaTauri,GAS,TSU,4.0,4.0,18.0,0,1.166666666666666,permanent,0
2022,18,Suzuka,Alpine,OCO,ALO,-2.0,-2.0,1.0,0,2.333333333333334,permanent,1
2022,18,Suzuka,Alpine,ALO,OCO,2.0,2.0,-1.0,0,-2.333333333333334,permanent,0
2022,18,Suzuka,Aston Martin,VET,STR,-10.0,-10.0,9.0,0,-6.0,permanent,1
2022,18,Suzuka,Aston Martin,STR,VET,10.0,10.0,-9.0,0,6.0,permanent,0
2022,18,Suzuka,Haas F1 Team,MAG,MSC,3.0,3.0,9.0,-1,-3.0,permanent,1
2022,18,Suzuka,Haas F1 Team,MSC,MAG,-3.0,-3.0,-9.0,1,3.0,permanent,0
2022,18,Suzuka,McLaren,NOR,RIC,-1.0,-1.0,44.0,0,-6.25,permanent,1
2022,18,Suzuka,McLaren,RIC,NOR,1.0,1.0,-44.0,0,6.25,permanent,0
2022,18,Suzuka,Mercedes,HAM,RUS,-2.0,-2.0,-16.0,0,-0.25,permanent,1
2022,18,Suzuka,Mercedes,RUS,HAM,2.0,2.0,16.0,0,0.25,permanent,0
2022,18,Suzuka,Red Bull Racing,VER,PER,-3.0,-3.0,58.0,0,-1.0,permanent,1
2022,18,Suzuka,Red Bull Racing,PER,VER,3.0,3.0,-58.0,0,1.0,permanent,0
2022,19,Austin,AlphaTauri,TSU,GAS,2.0,8.0,-18.0,0,-4.5,permanent,1
2022,19,Austin,AlphaTauri,GAS,TSU,-2.0,-8.0,18.0,0,4.5,permanent,0
2022,19,Austin,Alpine,ALO,OCO,-9.0,14.0,-7.0,0,-4.0,permanent,1
2022,19,Austin,Alpine,OCO,ALO,9.0,-14.0,7.0,0,4.0,permanent,0
2022,19,Austin,Haas F1 Team,MAG,MSC,-3.0,-3.0,9.0,-1,-6.0,permanent,1
2022,19,Austin,Haas F1 Team,MSC,MAG,3.0,3.0,-9.0,1,6.0,permanent,0
2022,19,Austin,McLaren,NOR,RIC,-9.0,-9.0,45.0,0,-3.5,permanent,1
2022,19,Austin,McLaren,RIC,NOR,9.0,9.0,-45.0,0,3.5,permanent,0
2022,19,Austin,Mercedes,HAM,RUS,-1.0,-1.0,-10.0,0,-7.5,permanent,1
2022,19,Austin,Mercedes,RUS,HAM,1.0,1.0,10.0,0,7.5,permanent,0
2022,19,Austin,Red Bull Racing,VER,PER,-1.0,-7.0,65.0,0,-2.5,permanent,1
2022,19,Austin,Red Bull Racing,PER,VER,1.0,7.0,-65.0,0,2.5,permanent,0
2022,19,Austin,Williams,ALB,LAT,-9.0,-9.0,2.0,-1,-3.0,permanent,1
2022,19,Austin,Williams,LAT,ALB,9.0,9.0,-2.0,1,3.0,permanent,0
2022,22,Yas Island,Alfa Romeo,ZHO,BOT,-3.0,-3.0,-28.0,-1,4.0,permanent,1
2022,22,Yas Island,Alfa Romeo,BOT,ZHO,3.0,3.0,28.0,1,-4.0,permanent,0
2022,22,Yas Island,AlphaTauri,TSU,GAS,-5.0,-6.0,-17.0,0,-2.083333333333333,permanent,1
2022,22,Yas Island,AlphaTauri,GAS,TSU,5.0,6.0,17.0,0,2.083333333333333,permanent,0
2022,22,Yas Island,Aston Martin,STR,VET,5.0,5.0,-21.0,0,-0.16666666666666607,permanent,1
2022,22,Yas Island,Aston Martin,VET,STR,-5.0,-5.0,21.0,0,0.16666666666666607,permanent,0
2022,22,Yas Island,Ferrari,LEC,SAI,-1.0,-1.0,17.0,0,1.25,permanent,1
2022,22,Yas Island,Ferrari,SAI,LEC,1.0,1.0,-17.0,0,-1.25,permanent,0
2022,22,Yas Island,Haas F1 Team,MSC,MAG,-3.0,-4.0,-11.0,1,-2.0,permanent,1
2022,22,Yas Island,Haas F1 Team,MAG,MSC,3.0,4.0,11.0,-1,2.0,permanent,0
2022,22,Yas Island,McLaren,NOR,RIC,-3.0,-6.0,53.0,0,-5.916666666666666,permanent,1
2022,22,Yas Island,McLaren,RIC,NOR,3.0,6.0,-53.0,0,5.916666666666666,permanent,0
2022,22,Yas Island,Red Bull Racing,VER,PER,-1.0,-1.0,78.0,0,-1.25,permanent,1
2022,22,Yas Island,Red Bull Racing,PER,VER,1.0,1.0,-78.0,0,1.25,permanent,0
2023,1,Sakhir,Aston Martin,ALO,STR,-3.0,-3.0,0.0,0,-2.0,permanent,1
2023,1,Sakhir,Aston Martin,STR,ALO,3.0,3.0,0.0,0,2.0,permanent,0
2023,1,Sakhir,Mercedes,HAM,RUS,1.0,1.0,0.0,0,-2.2,permanent,1
2023,1,Sakhir,Mercedes,RUS,HAM,-1.0,-1.0,0.0,0,2.2,permanent,0
2023,1,Sakhir,Red Bull Racing,VER,PER,-1.0,-1.0,0.0,0,-0.5,permanent,1
2023,1,Sakhir,Red Bull Racing,PER,VER,1.0,1.0,0.0,0,0.5,permanent,0
2023,2,Jeddah,AlphaTauri,TSU,DEV,-2.0,-2.0,0.0,1,-1.5,street,1
2023,2,Jeddah,AlphaTauri,DEV,TSU,2.0,2.0,0.0,-1,1.5,street,0
2023,2,Jeddah,Alpine,OCO,GAS,-3.0,-3.0,-2.0,0,0.33333333333333304,street,1
2023,2,Jeddah,Alpine,GAS,OCO,3.0,3.0,2.0,0,-0.33333333333333304,street,0
2023,2,Jeddah,Ferrari,SAI,LEC,3.0,-8.0,12.0,0,1.8499999999999996,street,1
2023,2,Jeddah,Ferrari,LEC,SAI,-3.0,8.0,-12.0,0,-1.8499999999999996,street,0
2023,2,Jeddah,Haas F1 Team,MAG,HUL,2.0,3.0,0.0,0,-1.0,street,1
2023,2,Jeddah,Haas F1 Team,HUL,MAG,-2.0,-3.0,0.0,0,1.0,street,0
2023,2,Jeddah,McLaren,PIA,NOR,-10.0,-11.0,0.0,-2,-2.5333333333333323,street,1
2023,2,Jeddah,McLaren,NOR,PIA,10.0,11.0,0.0,2,2.5333333333333323,street,0
2023,2,Jeddah,Mercedes,RUS,HAM,-4.0,-4.0,-4.0,0,-1.4000000000000004,street,1
2023,2,Jeddah,Mercedes,HAM,RUS,4.0,4.0,4.0,0,1.4000000000000004,street,0
2023,2,Jeddah,Red Bull Racing,PER,VER,-14.0,-14.0,-7.0,0,0.7333333333333334,street,1
2023,2,Jeddah,Red Bull Racing,VER,PER,14.0,14.0,7.0,0,-0.7333333333333334,street,0
2023,3,Melbourne,Alfa Romeo,ZHO,BOT,-2.0,-2.0,-4.0,-1,0.5,permanent,1
2023,3,Melbourne,Alfa Romeo,BOT,ZHO,2.0,2.0,4.0,1,-0.5,permanent,0
2023,3,Melbourne,Aston Martin,ALO,STR,-2.0,-2.0,22.0,0,2.333333333333334,permanent,1
2023,3,Melbourne,Aston Martin,STR,ALO,2.0,2.0,-22.0,0,-2.333333333333334,permanent,0
2023,3,Melbourne,McLaren,NOR,PIA,-3.0,-3.0,0.0,2,-3.25,permanent,1
2023,3,Melbourne,McLaren,PIA,NOR,3.0,3.0,0.0,-2,3.25,permanent,0
2023,3,Melbourne,Red Bull Racing,VER,PER,-19.0,-19.0,0.0,0,-2.5,permanent,1
2023,3,Melbourne,Red Bull Racing,PER,VER,19.0,19.0,0.0,0,2.5,permanent,0
2023,5,Miami,Alfa Romeo,BOT,ZHO,-4.0,-4.0,2.0,1,-6.0,street,1
2023,5,Miami,Alfa Romeo,ZHO,BOT,4.0,4.0,-2.0,-1,6.0,street,0
2023,5,Miami,AlphaTauri,TSU,DEV,2.0,2.0,1.0,1,-6.5,street,1
2023,5,Miami,AlphaTauri,DEV,TSU,-2.0,-2.0,-1.0,-1,6.5,street,0
2023,5,Miami,Alpine,GAS,OCO,-3.0,-3.0,0.0,0,-0.5,street,1
2023,5,Miami,Alpine,OCO,GAS,3.0,3.0,0.0,0,0.5,street,0
2023,5,Miami,Aston Martin,ALO,STR,-16.0,-16.0,25.0,0,-4.0,street,1
2023,5,Miami,Aston Martin,STR,ALO,16.0,16.0,-25.0,0,4.0,street,0
2023,5,Miami,Ferrari,SAI,LEC,-4.0,-4.0,14.0,0,-0.5,street,1
2023,5,Miami,Ferrari,LEC,SAI,4.0,4.0,-14.0,0,0.5,street,0
2023,5,Miami,Haas F1 Team,MAG,HUL,-8.0,-8.0,-5.0,0,-5.0,street,1
2023,5,Miami,Haas F1 Team,HUL,MAG,8.0,8.0,5.0,0,5.0,street,0
2023,5,Miami,Mercedes,RUS,HAM,-7.0,-7.0,-20.0,0,-1.5,street,1
2023,5,Miami,Mercedes,HAM,RUS,7.0,7.0,20.0,0,1.5,street,0
2023,5,Miami,Red Bull Racing,VER,PER,8.0,8.0,15.0,0,-2.0,street,1
2023,5,Miami,Red Bull Racing,PER,VER,-8.0,-8.0,-15.0,0,2.0,street,0
2023,6,Monaco,Alpine,OCO,GAS,-3.0,-4.0,-2.0,0,-1.5,street,1
2023,6,Monaco,Alpine,GAS,OCO,3.0,4.0,2.0,0,1.5,street,0
2023,6,Monaco,Ferrari,LEC,SAI,-2.0,2.0,-18.0,0,-1.083333333333333,street,1
2023,6,Monaco,Ferrari,SAI,LEC,2.0,-2.0,18.0,0,1.083333333333333,street,0
2023,6,Monaco,Mercedes,HAM,RUS,-2.0,-3.0,16.0,0,1.0,street,1
2023,6,Monaco,Mercedes,RUS,HAM,2.0,3.0,-16.0,0,-1.0,street,0
2023,7,Barcelona,Alpine,OCO,GAS,3.0,-4.0,7.0,0,0.0,permanent,1
2023,7,Barcelona,Alpine,GAS,OCO,-3.0,4.0,-7.0,0,0.0,permanent,0
2023,7,Barcelona,Aston Martin,STR,ALO,-3.0,-3.0,-58.0,0,0.16666666666666607,permanent,1
2023,7,Barcelona,Aston Martin,ALO,STR,3.0,3.0,58.0,0,-0.16666666666666607,permanent,0
2023,7,Barcelona,Ferrari,SAI,LEC,-17.0,-17.0,14.0,0,1.4500000000000002,permanent,1
2023,7,Barcelona,Ferrari,LEC,SAI,17.0,17.0,-14.0,0,-1.4500000000000002,permanent,0
2023,7,Barcelona,Mercedes,HAM,RUS,-7.0,-8.0,18.0,0,-2.1999999999999997,permanent,1
2023,7,Barcelona,Mercedes,RUS,HAM,7.0,8.0,-18.0,0,2.1999999999999997,permanent,0
2023,7,Barcelona,Red Bull Racing,VER,PER,-10.0,-10.0,47.0,0,-1.75,permanent,1
2023,7,Barcelona,Red Bull Racing,PER,VER,10.0,10.0,-47.0,0,1.75,permanent,0
2023,8,Montréal,Alpine,OCO,GAS,-11.0,-9.0,10.0,0,-3.666666666666666,permanent,1
2023,8,Montréal,Alpine,GAS,OCO,11.0,9.0,-10.0,0,3.666666666666666,permanent,0
2023,8,Montréal,Aston Martin,ALO,STR,-10.0,-14.0,56.0,0,-2.666666666666666,permanent,1
2023,8,Montréal,Aston Martin,STR,ALO,10.0,14.0,-56.0,0,2.666666666666666,permanent,0
2023,8,Montréal,Ferrari,LEC,SAI,3.0,-1.0,-24.0,0,1.166666666666667,permanent,1
2023,8,Montréal,Ferrari,SAI,LEC,-3.0,1.0,24.0,0,-1.166666666666667,permanent,0
2023,8,Montréal,McLaren,PIA,NOR,2.0,1.0,-4.0,-2,-3.333333333333333,permanent,1
2023,8,Montréal,McLaren,NOR,PIA,-2.0,-1.0,4.0,2,3.333333333333333,permanent,0
2023,8,Montréal,Red Bull Racing,VER,PER,-11.0,-11.0,60.0,0,-4.75,permanent,1
2023,8,Montréal,Red Bull Racing,PER,VER,11.0,11.0,-60.0,0,4.75,permanent,0
2023,10,Silverstone,Alfa Romeo,BOT,ZHO,-2.0,3.0,1.0,1,-3.0,permanent,1
2023,10,Silverstone,Alfa Romeo,ZHO,BOT,2.0,-3.0,-1.0,-1,3.0,permanent,0
2023,10,Silverstone,AlphaTauri,TSU,DEV,-2.0,-2.0,1.0,1,-3.666666666666666,permanent,1
2023,10,Silverstone,AlphaTauri,DEV,TSU,2.0,2.0,-1.0,-1,3.666666666666666,permanent,0
2023,10,Silverstone,Aston Martin,ALO,STR,-3.0,-3.0,72.0,0,-2.5,permanent,1
2023,10,Silverstone,Aston Martin,STR,ALO,3.0,3.0,-72.0,0,2.5,permanent,0
2023,10,Silverstone,Ferrari,LEC,SAI,-1.0,-1.0,-22.0,0,2.0,permanent,1
2023,10,Silverstone,Ferrari,SAI,LEC,1.0,1.0,22.0,0,-2.0,permanent,0
2023,10,Silverstone,McLaren,NOR,PIA,-1.0,-1.0,4.0,2,-0.3333333333333335,permanent,1
2023,10,Silverstone,McLaren,PIA,NOR,1.0,1.0,-4.0,-2,0.3333333333333335,permanent,0
2023,10,Silverstone,Mercedes,HAM,RUS,1.0,1.0,36.0,0,-4.75,permanent,1
2023,10,Silverstone,Mercedes,RUS,HAM,-1.0,-1.0,-36.0,0,4.75,permanent,0
2023,10,Silverstone,Red Bull Racing,VER,PER,-14.0,-14.0,77.0,0,-0.25,permanent,1
2023,10,Silverstone,Red Bull Racing,PER,VER,14.0,14.0,-77.0,0,0.25,permanent,0
2023,10,Silverstone,Williams,ALB,SAR,-6.0,-6.0,7.0,1,-2.666666666666666,permanent,1
2023,10,Silverstone,Williams,SAR,ALB,6.0,6.0,-7.0,-1,2.666666666666666,permanent,0
2023,11,Budapest,Ferrari,LEC,SAI,-5.0,-5.0,-21.0,0,0.0,permanent,1
2023,11,Budapest,Ferrari,SAI,LEC,5.0,5.0,21.0,0,0.0,permanent,0
2023,11,Budapest,McLaren,NOR,PIA,-1.0,-1.0,10.0,2,0.3333333333333335,permanent,1
2023,11,Budapest,McLaren,PIA,NOR,1.0,1.0,-10.0,-2,-0.3333333333333335,permanent,0
2023,11,Budapest,Mercedes,HAM,RUS,-17.0,-17.0,41.0,0,-2.8499999999999996,permanent,1
2023,11,Budapest,Mercedes,RUS,HAM,17.0,17.0,-41.0,0,2.8499999999999996,permanent,0
2023,11,Budapest,Red Bull Racing,VER,PER,-7.0,-7.0,94.0,0,0.0,permanent,1
2023,11,Budapest,Red Bull Racing,PER,VER,7.0,7.0,-94.0,0,0.0,permanent,0
2023,13,Zandvoort,AlphaTauri,LAW,TSU,6.0,2.0,-1.0,-2,0.5,permanent,1
2023,13,Zandvoort,AlphaTauri,TSU,LAW,-6.0,-2.0,1.0,2,-0.5,permanent,0
2023,13,Zandvoort,Alpine,GAS,OCO,-5.0,-4.0,-14.0,0,-1.666666666666666,permanent,1
2023,13,Zandvoort,Alpine,OCO,GAS,5.0,4.0,14.0,0,1.666666666666666,permanent,0
2023,13,Zandvoort,Aston Martin,ALO,STR,-6.0,-6.0,80.0,0,-3.666666666666667,permanent,1
2023,13,Zandvoort,Aston Martin,STR,ALO,6.0,6.0,-80.0,0,3.666666666666667,permanent,0
2023,13,Zandvoort,Haas F1 Team,HUL,MAG,-3.0,14.0,4.0,0,-3.0,permanent,1
2023,13,Zandvoort,Haas F1 Team,MAG,HUL,3.0,-14.0,-4.0,0,3.0,permanent,0
2023,13,Zandvoort,McLaren,NOR,PIA,-6.0,-6.0,18.0,2,1.333333333333333,permanent,1
2023,13,Zandvoort,McLaren,PIA,NOR,6.0,6.0,-18.0,-2,-1.333333333333333,permanent,0
2023,13,Zandvoort,Mercedes,HAM,RUS,10.0,10.0,45.0,0,-4.000000000000001,permanent,1
2023,13,Zandvoort,Mercedes,RUS,HAM,-10.0,-10.0,-45.0,0,4.000000000000001,permanent,0
2023,13,Zandvoort,Red Bull Racing,VER,PER,-6.0,-6.0,104.0,0,-4.5,permanent,1
2023,13,Zandvoort,Red Bull Racing,PER,VER,6.0,6.0,-104.0,0,4.5,permanent,0
2023,14,Monza,Alfa Romeo,BOT,ZHO,-2.0,-2.0,1.0,1,-0.5,permanent,1
2023,14,Monza,Alfa Romeo,ZHO,BOT,2.0,2.0,-1.0,-1,0.5,permanent,0
2023,14,Monza,Aston Martin,ALO,STR,-10.0,-10.0,98.0,0,-6.0,permanent,1
2023,14,Monza,Aston Martin,STR,ALO,10.0,10.0,-98.0,0,6.0,permanent,0
2023,14,Monza,Ferrari,SAI,LEC,-2.0,-2.0,29.0,0,2.75,permanent,1
2023,14,Monza,Ferrari,LEC,SAI,2.0,2.0,-29.0,0,-2.75,permanent,0
2023,14,Monza,McLaren,NOR,PIA,2.0,2.0,22.0,2,-0.666666666666667,permanent,1
2023,14,Monza,McLaren,PIA,NOR,-2.0,-2.0,-22.0,-2,0.666666666666667,permanent,0
2023,14,Monza,Mercedes,RUS,HAM,-4.0,-4.0,-53.0,0,-0.5,permanent,1
2023,14,Monza,Mercedes,HAM,RUS,4.0,4.0,53.0,0,0.5,permanent,0
2023,14,Monza,Red Bull Racing,VER,PER,-3.0,-3.0,117.0,0,-3.083333333333333,permanent,1
2023,14,Monza,Red Bull Racing,PER,VER,3.0,3.0,-117.0,0,3.083333333333333,permanent,0
2023,14,Monza,Williams,ALB,SAR,-9.0,-9.0,15.0,1,-5.333333333333333,permanent,1
2023,14,Monza,Williams,SAR,ALB,9.0,9.0,-15.0,-1,5.333333333333333,permanent,0
2023,15,Marina Bay,Ferrari,SAI,LEC,-2.0,-2.0,32.0,0,-0.5833333333333335,permanent,1
2023,15,Marina Bay,Ferrari,LEC,SAI,2.0,2.0,-32.0,0,0.5833333333333335,permanent,0
2023,15,Marina Bay,Haas F1 Team,MAG,HUL,-3.0,-3.0,-4.0,0,-2.0,permanent,1
2023,15,Marina Bay,Haas F1 Team,HUL,MAG,3.0,3.0,4.0,0,2.0,permanent,0
2023,15,Marina Bay,McLaren,NOR,PIA,-13.0,-13.0,26.0,2,-2.166666666666667,permanent,1
2023,15,Marina Bay,McLaren,PIA,NOR,13.0,13.0,-26.0,-2,2.166666666666667,permanent,0
2023,15,Marina Bay,Red Bull Racing,VER,PER,-2.0,-2.0,124.0,0,-0.5,permanent,1
2023,15,Marina Bay,Red Bull Racing,PER,VER,2.0,2.0,-124.0,0,0.5,permanent,0
2023,15,Marina Bay,Williams,ALB,SAR,-4.0,-4.0,21.0,1,-3.0,permanent,1
2023,15,Marina Bay,Williams,SAR,ALB,4.0,4.0,-21.0,-1,3.0,permanent,0
2023,16,Suzuka,Alpine,OCO,GAS,2.0,2.0,-8.0,0,-3.333333333333332,permanent,1
2023,16,Suzuka,Alpine,GAS,OCO,-2.0,-2.0,8.0,0,3.333333333333332,permanent,0
2023,16,Suzuka,Ferrari,LEC,SAI,-2.0,-2.0,-45.0,0,-3.916666666666667,permanent,1
2023,16,Suzuka,Ferrari,SAI,LEC,2.0,2.0,45.0,0,3.916666666666667,permanent,0
2023,16,Suzuka,McLaren,NOR,PIA,1.0,1.0,38.0,2,0.08333333333333304,permanent,1
2023,16,Suzuka,McLaren,PIA,NOR,-1.0,-1.0,-38.0,-2,-0.08333333333333304,permanent,0
2023,16,Suzuka,Mercedes,HAM,RUS,-1.0,-1.0,66.0,0,-0.25,permanent,1
2023,16,Suzuka,Mercedes,RUS,HAM,1.0,1.0,-66.0,0,0.25,permanent,0
2023,19,Mexico City,Alfa Romeo,ZHO,BOT,1.0,1.0,-2.0,-1,-1.0,permanent,1
2023,19,Mexico City,Alfa Romeo,BOT,ZHO,-1.0,-1.0,2.0,1,1.0,permanent,0
2023,19,Mexico City,AlphaTauri,RIC,TSU,-11.0,-14.0,-1.0,0,-2.0,permanent,1
2023,19,Mexico City,AlphaTauri,TSU,RIC,11.0,14.0,1.0,0,2.0,permanent,0
2023,19,Mexico City,Alpine,OCO,GAS,5.0,4.0,-7.0,0,3.166666666666666,permanent,1
2023,19,Mexico City,Alpine,GAS,OCO,-5.0,-4.0,7.0,0,-3.166666666666666,permanent,0
2023,19,Mexico City,Ferrari,LEC,SAI,-1.0,-1.0,-41.0,0,-0.4166666666666665,permanent,1
2023,19,Mexico City,Ferrari,SAI,LEC,1.0,1.0,41.0,0,0.4166666666666665,permanent,0
2023,19,Mexico City,McLaren,NOR,PIA,12.0,10.0,41.0,2,-2.5,permanent,1
2023,19,Mexico City,McLaren,PIA,NOR,-12.0,-10.0,-41.0,-2,2.5,permanent,0
2023,19,Mexico City,Mercedes,HAM,RUS,-2.0,-2.0,70.0,0,-2.0,permanent,1
2023,19,Mexico City,Mercedes,RUS,HAM,2.0,2.0,-70.0,0,2.0,permanent,0
2023,21,Las Vegas,Alfa Romeo,ZHO,BOT,10.0,10.0,-2.0,-1,-3.0,street,1
2023,21,Las Vegas,Alfa Romeo,BOT,ZHO,-10.0,-10.0,2.0,1,3.0,street,0
2023,21,Las Vegas,Alpine,OCO,GAS,12.0,12.0,-6.0,0,-5.5,street,1
2023,21,Las Vegas,Alpine,GAS,OCO,-12.0,-12.0,6.0,0,5.5,street,0
2023,21,Las Vegas,Aston Martin,STR,ALO,4.0,10.0,-104.0,0,-0.3333333333333339,street,1
2023,21,Las Vegas,Aston Martin,ALO,STR,-4.0,-10.0,104.0,0,0.3333333333333339,street,0
2023,21,Las Vegas,Ferrari,LEC,SAI,-1.0,-11.0,-38.0,0,-1.3333333333333335,street,1
2023,21,Las Vegas,Ferrari,SAI,LEC,1.0,11.0,38.0,0,1.3333333333333335,street,0
2023,21,Las Vegas,Mercedes,HAM,RUS,7.0,7.0,80.0,0,2.0000000000000004,street,1
2023,21,Las Vegas,Mercedes,RUS,HAM,-7.0,-7.0,-80.0,0,-2.0000000000000004,street,0
2023,21,Las Vegas,Red Bull Racing,VER,PER,-9.0,-9.0,180.0,0,-4.166666666666666,street,1
2023,21,Las Vegas,Red Bull Racing,PER,VER,9.0,9.0,-180.0,0,4.166666666666666,street,0
2023,21,Las Vegas,Williams,ALB,SAR,-1.0,-1.0,23.0,1,-4.0,street,1
2023,21,Las Vegas,Williams,SAR,ALB,1.0,1.0,-23.0,-1,4.0,street,0
2023,22,Yas Island,AlphaTauri,TSU,RIC,-9.0,-9.0,-5.0,0,-2.999999999999999,permanent,1
2023,22,Yas Island,AlphaTauri,RIC,TSU,9.0,9.0,5.0,0,2.999999999999999,permanent,0
2023,22,Yas Island,Alpine,OCO,GAS,2.0,2.0,6.0,0,-0.4166666666666661,permanent,1
2023,22,Yas Island,Alpine,GAS,OCO,-2.0,-2.0,-6.0,0,0.4166666666666661,permanent,0
2023,22,Yas Island,Aston Martin,ALO,STR,-6.0,-6.0,96.0,0,-2.333333333333334,permanent,1
2023,22,Yas Island,Aston Martin,STR,ALO,6.0,6.0,-96.0,0,2.333333333333334,permanent,0
2023,22,Yas Island,McLaren,NOR,PIA,2.0,2.0,46.0,2,-3.25,permanent,1
2023,22,Yas Island,McLaren,PIA,NOR,-2.0,-2.0,-46.0,-2,3.25,permanent,0
2023,22,Yas Island,Mercedes,RUS,HAM,-7.0,-7.0,-82.0,0,-0.666666666666667,permanent,1
2023,22,Yas Island,Mercedes,HAM,RUS,7.0,7.0,82.0,0,0.666666666666667,permanent,0
2023,22,Yas Island,Red Bull Racing,VER,PER,-8.0,-8.0,190.0,0,-1.25,permanent,1
2023,22,Yas Island,Red Bull Racing,PER,VER,8.0,8.0,-190.0,0,1.25,permanent,0
2023,22,Yas Island,Williams,ALB,SAR,-6.0,-6.0,23.0,1,-2.5,permanent,1
2023,22,Yas Island,Williams,SAR,ALB,6.0,6.0,-23.0,-1,2.5,permanent,0
2024,1,Sakhir,Aston Martin,ALO,STR,-6.0,-6.0,0.0,0,-2.0,permanent,1
2024,1,Sakhir,Aston Martin,STR,ALO,6.0,6.0,0.0,0,2.0,permanent,0
2024,1,Sakhir,Ferrari,SAI,LEC,2.0,2.0,0.0,0,0.5,permanent,1
2024,1,Sakhir,Ferrari,LEC,SAI,-2.0,-2.0,0.0,0,-0.5,permanent,0
2024,1,Sakhir,McLaren,NOR,PIA,-1.0,-1.0,0.0,2,2.5,permanent,1
2024,1,Sakhir,McLaren,PIA,NOR,1.0,1.0,0.0,-2,-2.5,permanent,0
2024,1,Sakhir,Mercedes,RUS,HAM,-6.0,-6.0,0.0,0,2.2,permanent,1
2024,1,Sakhir,Mercedes,HAM,RUS,6.0,6.0,0.0,0,-2.2,permanent,0
2024,1,Sakhir,Red Bull Racing,VER,PER,-4.0,-4.0,0.0,0,-0.5,permanent,1
2024,1,Sakhir,Red Bull Racing,PER,VER,4.0,4.0,0.0,0,0.5,permanent,0
2024,2,Jeddah,Ferrari,LEC,BEA,-9.0,-9.0,12.0,3,-5.6,street,1
2024,2,Jeddah,Ferrari,BEA,LEC,9.0,9.0,-12.0,-3,5.6,street,0
2024,2,Jeddah,Haas F1 Team,HUL,MAG,2.0,2.0,0.0,0,1.0,street,1
2024,2,Jeddah,Haas F1 Team,MAG,HUL,-2.0,-2.0,0.0,0,-1.0,street,0
2024,2,Jeddah,McLaren,PIA,NOR,-1.0,-1.0,-4.0,-2,-2.5333333333333323,street,1
2024,2,Jeddah,McLaren,NOR,PIA,1.0,1.0,4.0,2,2.5333333333333323,street,0
2024,2,Jeddah,Mercedes,RUS,HAM,-1.0,-1.0,4.0,0,-1.4000000000000004,street,1
2024,2,Jeddah,Mercedes,HAM,RUS,1.0,1.0,-4.0,0,1.4000000000000004,street,0
2024,2,Jeddah,Red Bull Racing,VER,PER,-2.0,-2.0,7.0,0,-0.7333333333333334,street,1
2024,2,Jeddah,Red Bull Racing,PER,VER,2.0,2.0,-7.0,0,0.7333333333333334,street,0
2024,3,Melbourne,Aston Martin,STR,ALO,-1.0,-1.0,-11.0,0,-2.333333333333334,permanent,1
2024,3,Melbourne,Aston Martin,ALO,STR,1.0,1.0,11.0,0,2.333333333333334,permanent,0
2024,3,Melbourne,Ferrari,SAI,LEC,-3.0,-2.0,-12.0,0,2.8333333333333335,permanent,1
2024,3,Melbourne,Ferrari,LEC,SAI,3.0,2.0,12.0,0,-2.8333333333333335,permanent,0
2024,3,Melbourne,McLaren,NOR,PIA,-2.0,-2.0,-4.0,2,-3.25,permanent,1
2024,3,Melbourne,McLaren,PIA,NOR,2.0,2.0,4.0,-2,3.25,permanent,0
2024,4,Suzuka,Ferrari,SAI,LEC,-4.0,-4.0,-5.0,0,3.916666666666667,permanent,1
2024,4,Suzuka,Ferrari,LEC,SAI,4.0,4.0,5.0,0,-3.916666666666667,permanent,0
2024,4,Suzuka,McLaren,NOR,PIA,-3.0,-3.0,-1.0,2,0.08333333333333304,permanent,1
2024,4,Suzuka,McLaren,PIA,NOR,3.0,3.0,1.0,-2,-0.08333333333333304,permanent,0
2024,4,Suzuka,Mercedes,RUS,HAM,2.0,2.0,10.0,0,0.25,permanent,1
2024,4,Suzuka,Mercedes,HAM,RUS,-2.0,-2.0,-10.0,0,-0.25,permanent,0
2024,4,Suzuka,Red Bull Racing,VER,PER,-1.0,-1.0,4.0,0,-1.0,permanent,1
2024,4,Suzuka,Red Bull Racing,PER,VER,1.0,1.0,-4.0,0,1.0,permanent,0
2024,7,Imola,Ferrari,LEC,SAI,-1.0,-1.0,2.0,0,-1.666666666666667,permanent,1
2024,7,Imola,Ferrari,SAI,LEC,1.0,1.0,-2.0,0,1.666666666666667,permanent,0
2024,7,Imola,McLaren,NOR,PIA,1.0,-3.0,5.0,2,-1.1666666666666665,permanent,1
2024,7,Imola,McLaren,PIA,NOR,-1.0,3.0,-5.0,-2,1.1666666666666665,permanent,0
2024,7,Imola,Mercedes,HAM,RUS,2.0,2.0,-14.0,0,-3.0,permanent,1
2024,7,Imola,Mercedes,RUS,HAM,-2.0,-2.0,14.0,0,3.0,permanent,0
2024,7,Imola,Red Bull Racing,VER,PER,-10.0,-10.0,11.0,0,-8.5,permanent,1
2024,7,Imola,Red Bull Racing,PER,VER,10.0,10.0,-11.0,0,8.5,permanent,0
2024,8,Monaco,Ferrari,LEC,SAI,-2.0,-2.0,7.0,0,-1.083333333333333,street,1
2024,8,Monaco,Ferrari,SAI,LEC,2.0,2.0,-7.0,0,1.083333333333333,street,0
2024,8,Monaco,McLaren,PIA,NOR,-2.0,-2.0,-11.0,-2,-1.1666666666666665,street,1
2024,8,Monaco,McLaren,NOR,PIA,2.0,2.0,11.0,2,1.1666666666666665,street,0
2024,8,Monaco,Mercedes,RUS,HAM,-2.0,-2.0,12.0,0,-1.0,street,1
2024,8,Monaco,Mercedes,HAM,RUS,2.0,2.0,-12.0,0,1.0,street,0
2024,9,Montréal,Alpine,GAS,OCO,-3.0,-3.0,0.0,0,3.666666666666666,permanent,1
2024,9,Montréal,Alpine,OCO,GAS,3.0,3.0,0.0,0,-3.666666666666666,permanent,0
2024,9,Montréal,Aston Martin,ALO,STR,-3.0,-3.0,13.0,0,-2.666666666666666,permanent,1
2024,9,Montréal,Aston Martin,STR,ALO,3.0,3.0,-13.0,0,2.666666666666666,permanent,0
2024,9,Montréal,Haas F1 Team,HUL,MAG,5.0,3.0,3.0,0,-5.0,permanent,1
2024,9,Montréal,Haas F1 Team,MAG,HUL,-5.0,-3.0,-3.0,0,5.0,permanent,0
2024,9,Montréal,McLaren,NOR,PIA,-1.0,-1.0,5.0,2,3.333333333333333,permanent,1
2024,9,Montréal,McLaren,PIA,NOR,1.0,1.0,-5.0,-2,-3.333333333333333,permanent,0
2024,9,Montréal,Mercedes,RUS,HAM,-6.0,-6.0,16.0,0,-1.3333333333333335,permanent,1
2024,9,Montréal,Mercedes,HAM,RUS,6.0,6.0,-16.0,0,1.3333333333333335,permanent,0
2024,9,Montréal,RB,RIC,TSU,-3.0,-3.0,-6.0,0,-4.5,permanent,1
2024,9,Montréal,RB,TSU,RIC,3.0,3.0,6.0,0,4.5,permanent,0
2024,10,Barcelona,Alpine,GAS,OCO,-2.0,-1.0,1.0,0,0.0,permanent,1
2024,10,Barcelona,Alpine,OCO,GAS,2.0,1.0,-1.0,0,0.0,permanent,0
2024,10,Barcelona,Ferrari,LEC,SAI,-1.0,-1.0,17.0,0,-1.4500000000000002,permanent,1
2024,10,Barcelona,Ferrari,SAI,LEC,1.0,1.0,-17.0,0,1.4500000000000002,permanent,0
2024,10,Barcelona,McLaren,NOR,PIA,-9.0,-8.0,13.0,2,1.0,permanent,1
2024,10,Barcelona,McLaren,PIA,NOR,9.0,8.0,-13.0,-2,-1.0,permanent,0
2024,10,Barcelona,Mercedes,HAM,RUS,-1.0,-1.0,-19.0,0,-2.1999999999999997,permanent,1
2024,10,Barcelona,Mercedes,RUS,HAM,1.0,1.0,19.0,0,2.1999999999999997,permanent,0
2024,10,Barcelona,Red Bull Racing,VER,PER,-6.0,-9.0,65.0,0,-1.75,permanent,1
2024,10,Barcelona,Red Bull Racing,PER,VER,6.0,9.0,-65.0,0,1.75,permanent,0
2024,12,Silverstone,Aston Martin,STR,ALO,-2.0,-2.0,-15.0,0,2.5,permanent,1
2024,12,Silverstone,Aston Martin,ALO,STR,2.0,2.0,15.0,0,-2.5,permanent,0
2024,12,Silverstone,Haas F1 Team,HUL,MAG,-11.0,-11.0,3.0,0,-3.666666666666667,permanent,1
2024,12,Silverstone,Haas F1 Team,MAG,HUL,11.0,11.0,-3.0,0,3.666666666666667,permanent,0
2024,12,Silverstone,McLaren,NOR,PIA,-2.0,-2.0,25.0,2,-0.3333333333333335,permanent,1
2024,12,Silverstone,McLaren,PIA,NOR,2.0,2.0,-25.0,-2,0.3333333333333335,permanent,0
2024,12,Silverstone,Williams,ALB,SAR,-3.0,-3.0,0.0,1,-2.666666666666666,permanent,1
2024,12,Silverstone,Williams,SAR,ALB,3.0,3.0,0.0,-1,2.666666666666666,permanent,0
2024,13,Budapest,Aston Martin,STR,ALO,1.0,1.0,-13.0,0,1.9333333333333336,permanent,1
2024,13,Budapest,Aston Martin,ALO,STR,-1.0,-1.0,13.0,0,-1.9333333333333336,permanent,0
2024,13,Budapest,Ferrari,LEC,SAI,2.0,2.0,9.0,0,0.0,permanent,1
2024,13,Budapest,Ferrari,SAI,LEC,-2.0,-2.0,-9.0,0,0.0,permanent,0
2024,13,Budapest,McLaren,PIA,NOR,1.0,1.0,-28.0,-2,-0.3333333333333335,permanent,1
2024,13,Budapest,McLaren,NOR,PIA,-1.0,-1.0,28.0,2,0.3333333333333335,permanent,0
2024,13,Budapest,Mercedes,HAM,RUS,-12.0,-12.0,9.0,0,-2.8499999999999996,permanent,1
2024,13,Budapest,Mercedes,RUS,HAM,12.0,12.0,-9.0,0,2.8499999999999996,permanent,0
2024,13,Budapest,Red Bull Racing,VER,PER,-13.0,-13.0,104.0,0,0.0,permanent,1
2024,13,Budapest,Red Bull Racing,PER,VER,13.0,13.0,-104.0,0,0.0,permanent,0
2024,14,Spa-Francorchamps,Alpine,OCO,GAS,-2.0,-3.0,-2.0,0,-1.666666666666667,permanent,1
2024,14,Spa-Francorchamps,Alpine,GAS,OCO,2.0,3.0,2.0,0,1.666666666666667,permanent,0
2024,14,Spa-Francorchamps,Aston Martin,ALO,STR,-6.0,-7.0,12.0,0,-6.0,permanent,1
2024,14,Spa-Francorchamps,Aston Martin,STR,ALO,6.0,7.0,-12.0,0,6.0,permanent,0
2024,14,Spa-Francorchamps,Ferrari,LEC,SAI,-6.0,-6.0,13.0,0,-0.6666666666666661,permanent,1
2024,14,Spa-Francorchamps,Ferrari,SAI,LEC,6.0,6.0,-13.0,0,0.6666666666666661,permanent,0
2024,14,Spa-Francorchamps,Haas F1 Team,MAG,HUL,1.0,1.0,-11.0,0,-3.0,permanent,1
2024,14,Spa-Francorchamps,Haas F1 Team,HUL,MAG,-1.0,-1.0,11.0,0,3.0,permanent,0
2024,14,Spa-Francorchamps,McLaren,PIA,NOR,1.0,1.0,-21.0,-2,-8.333333333333334,permanent,1
2024,14,Spa-Francorchamps,McLaren,NOR,PIA,-1.0,-1.0,21.0,2,8.333333333333334,permanent,0
2024,14,Spa-Francorchamps,RB,RIC,TSU,-5.0,-7.0,-5.0,0,-5.0,permanent,1
2024,14,Spa-Francorchamps,RB,TSU,RIC,5.0,7.0,5.0,0,5.0,permanent,0
2024,14,Spa-Francorchamps,Red Bull Racing,VER,PER,-2.0,9.0,108.0,0,-7.333333333333334,permanent,1
2024,14,Spa-Francorchamps,Red Bull Racing,PER,VER,2.0,-9.0,-108.0,0,7.333333333333334,permanent,0
2024,14,Spa-Francorchamps,Williams,ALB,SAR,-8.0,-8.0,2.0,1,-6.0,permanent,1
2024,14,Spa-Francorchamps,Williams,SAR,ALB,8.0,8.0,-2.0,-1,6.0,permanent,0
2024,15,Zandvoort,Ferrari,LEC,SAI,-4.0,-4.0,20.0,0,-3.5,permanent,1
2024,15,Zandvoort,Ferrari,SAI,LEC,4.0,4.0,-20.0,0,3.5,permanent,0
2024,15,Zandvoort,McLaren,NOR,PIA,-2.0,-2.0,13.0,2,1.333333333333333,permanent,1
2024,15,Zandvoort,McLaren,PIA,NOR,2.0,2.0,-13.0,-2,-1.333333333333333,permanent,0
2024,15,Zandvoort,Mercedes,RUS,HAM,-7.0,-10.0,-45.0,0,4.000000000000001,permanent,1
2024,15,Zandvoort,Mercedes,HAM,RUS,7.0,10.0,45.0,0,-4.000000000000001,permanent,0
2024,15,Zandvoort,Red Bull Racing,VER,PER,-3.0,-3.0,114.0,0,-4.5,permanent,1
2024,15,Zandvoort,Red Bull Racing,PER,VER,3.0,3.0,-114.0,0,4.5,permanent,0
2024,16,Monza,Ferrari,LEC,SAI,-1.0,-1.0,25.0,0,-2.75,permanent,1
2024,16,Monza,Ferrari,SAI,LEC,1.0,1.0,-25.0,0,2.75,permanent,0
2024,16,Monza,McLaren,PIA,NOR,1.0,1.0,-26.0,-2,0.666666666666667,permanent,1
2024,16,Monza,McLaren,NOR,PIA,-1.0,-1.0,26.0,2,-0.666666666666667,permanent,0
2024,16,Monza,Mercedes,HAM,RUS,3.0,3.0,43.0,0,0.5,permanent,1
2024,16,Monza,Mercedes,RUS,HAM,-3.0,-3.0,-43.0,0,-0.5,permanent,0
2024,16,Monza,Red Bull Racing,VER,PER,-1.0,-1.0,124.0,0,-3.083333333333333,permanent,1
2024,16,Monza,Red Bull Racing,PER,VER,1.0,1.0,-124.0,0,3.083333333333333,permanent,0
2024,16,Monza,Williams,ALB,COL,-9.0,-9.0,2.0,2,-4.333333333333333,permanent,1
2024,16,Monza,Williams,COL,ALB,9.0,9.0,-2.0,-2,4.333333333333333,permanent,0
2024,17,Baku,Haas F1 Team,BEA,HUL,-2.0,-2.0,-5.0,-2,-2.5,street,1
2024,17,Baku,Haas F1 Team,HUL,BEA,2.0,2.0,5.0,2,2.5,street,0
2024,17,Baku,McLaren,PIA,NOR,-14.0,-13.0,-23.0,-2,-5.25,street,1
2024,17,Baku,McLaren,NOR,PIA,14.0,13.0,23.0,2,5.25,street,0
2024,17,Baku,Mercedes,RUS,HAM,-2.0,-14.0,-47.0,0,-6.333333333333334,street,1
2024,17,Baku,Mercedes,HAM,RUS,2.0,14.0,47.0,0,6.333333333333334,street,0
2024,17,Baku,Williams,ALB,COL,1.0,1.0,4.0,2,2.666666666666666,street,1
2024,17,Baku,Williams,COL,ALB,-1.0,-1.0,-4.0,-2,-2.666666666666666,street,0
2024,18,Marina Bay,Ferrari,LEC,SAI,-1.0,-1.0,56.0,0,0.5833333333333335,permanent,1
2024,18,Marina Bay,Ferrari,SAI,LEC,1.0,1.0,-56.0,0,-0.5833333333333335,permanent,0
2024,18,Marina Bay,McLaren,NOR,PIA,-4.0,-4.0,10.0,2,-2.166666666666667,permanent,1
2024,18,Marina Bay,McLaren,PIA,NOR,4.0,4.0,-10.0,-2,2.166666666666667,permanent,0
2024,18,Marina Bay,Mercedes,RUS,HAM,1.0,1.0,-34.0,0,-4.0,permanent,1
2024,18,Marina Bay,Mercedes,HAM,RUS,-1.0,-1.0,34.0,0,4.0,permanent,0
2024,20,Mexico City,Ferrari,SAI,LEC,-3.0,-3.0,-60.0,0,0.4166666666666665,permanent,1
2024,20,Mexico City,Ferrari,LEC,SAI,3.0,3.0,60.0,0,-0.4166666666666665,permanent,0
2024,20,Mexico City,McLaren,NOR,PIA,-14.0,-14.0,20.0,2,-2.5,permanent,1
2024,20,Mexico City,McLaren,PIA,NOR,14.0,14.0,-20.0,-2,2.5,permanent,0
2024,20,Mexico City,Mercedes,HAM,RUS,1.0,1.0,30.0,0,-2.0,permanent,1
2024,20,Mexico City,Mercedes,RUS,HAM,-1.0,-1.0,-30.0,0,2.0,permanent,0
2024,22,Las Vegas,Aston Martin,ALO,STR,-3.0,-2.0,24.0,0,0.3333333333333339,street,1
2024,22,Las Vegas,Aston Martin,STR,ALO,3.0,2.0,-24.0,0,-0.3333333333333339,street,0
2024,22,Las Vegas,Ferrari,SAI,LEC,-2.0,-2.0,-50.0,0,1.3333333333333335,street,1
2024,22,Las Vegas,Ferrari,LEC,SAI,2.0,2.0,50.0,0,-1.3333333333333335,street,0
2024,22,Las Vegas,Haas F1 Team,HUL,MAG,-3.0,-3.0,4.0,0,-5.0,street,1
2024,22,Las Vegas,Haas F1 Team,MAG,HUL,3.0,3.0,-4.0,0,5.0,street,0
2024,22,Las Vegas,McLaren,NOR,PIA,-2.0,-2.0,34.0,2,-2.5,street,1
2024,22,Las Vegas,McLaren,PIA,NOR,2.0,2.0,-34.0,-2,2.5,street,0
2024,22,Las Vegas,Mercedes,RUS,HAM,-9.0,-9.0,-32.0,0,-2.0000000000000004,street,1
2024,22,Las Vegas,Mercedes,HAM,RUS,9.0,9.0,32.0,0,2.0000000000000004,street,0
2024,22,Las Vegas,RB,TSU,LAW,-8.0,-7.0,9.0,2,-5.5,street,1
2024,22,Las Vegas,RB,LAW,TSU,8.0,7.0,-9.0,-2,5.5,street,0
2024,22,Las Vegas,Red Bull Racing,VER,PER,-11.0,-10.0,164.0,0,-4.166666666666666,street,1
2024,22,Las Vegas,Red Bull Racing,PER,VER,11.0,10.0,-164.0,0,4.166666666666666,street,0
2024,24,Yas Island,Ferrari,SAI,LEC,-11.0,-16.0,-47.0,0,-1.25,permanent,1
2024,24,Yas Island,Ferrari,LEC,SAI,11.0,16.0,47.0,0,1.25,permanent,0
2024,24,Yas Island,McLaren,NOR,PIA,-1.0,-1.0,36.0,2,-3.25,permanent,1
2024,24,Yas Island,McLaren,PIA,NOR,1.0,1.0,-36.0,-2,3.25,permanent,0
2024,24,Yas Island,Mercedes,HAM,RUS,11.0,10.0,25.0,0,0.666666666666667,permanent,1
2024,24,Yas Island,Mercedes,RUS,HAM,-11.0,-10.0,-25.0,0,-0.666666666666667,permanent,0
2025,1,Melbourne,Ferrari,LEC,HAM,-1.0,-1.0,0.0,0,-1.6666666666666665,permanent,1
2025,1,Melbourne,Ferrari,HAM,LEC,1.0,1.0,0.0,0,1.6666666666666665,permanent,0
2025,1,Melbourne,Haas F1 Team,OCO,BEA,-1.0,-1.0,0.0,3,-4.0,permanent,1
2025,1,Melbourne,Haas F1 Team,BEA,OCO,1.0,1.0,0.0,-3,4.0,permanent,0
2025,1,Melbourne,McLaren,NOR,PIA,-1.0,-1.0,0.0,2,-3.25,permanent,1
2025,1,Melbourne,McLaren,PIA,NOR,1.0,1.0,0.0,-2,3.25,permanent,0
2025,1,Melbourne,Mercedes,RUS,ANT,-12.0,-12.0,0.0,4,-1.0,permanent,1
2025,1,Melbourne,Mercedes,ANT,RUS,12.0,12.0,0.0,-4,1.0,permanent,0
2025,3,Suzuka,Alpine,GAS,DOO,-8.0,-8.0,0.0,4,-1.333333333333334,permanent,1
2025,3,Suzuka,Alpine,DOO,GAS,8.0,8.0,0.0,-4,1.333333333333334,permanent,0
2025,3,Suzuka,Ferrari,LEC,HAM,-4.0,-4.0,3.0,0,-2.75,permanent,1
2025,3,Suzuka,Ferrari,HAM,LEC,4.0,4.0,-3.0,0,2.75,permanent,0
2025,3,Suzuka,Haas F1 Team,BEA,OCO,-8.0,-8.0,0.0,-3,-0.3333333333333339,permanent,1
2025,3,Suzuka,Haas F1 Team,OCO,BEA,8.0,8.0,0.0,3,0.3333333333333339,permanent,0
2025,3,Suzuka,Kick Sauber,HUL,BOR,-1.0,-1.0,6.0,3,-3.0,permanent,1
2025,3,Suzuka,Kick Sauber,BOR,HUL,1.0,1.0,-6.0,-3,3.0,permanent,0
2025,3,Suzuka,McLaren,NOR,PIA,-1.0,-1.0,23.0,2,0.08333333333333304,permanent,1
2025,3,Suzuka,McLaren,PIA,NOR,1.0,1.0,-23.0,-2,-0.08333333333333304,permanent,0
2025,3,Suzuka,Mercedes,RUS,ANT,-1.0,-1.0,3.0,4,0.75,permanent,1
2025,3,Suzuka,Mercedes,ANT,RUS,1.0,1.0,-3.0,-4,-0.75,permanent,0
2025,3,Suzuka,Racing Bulls,HAD,LAW,-7.0,-6.0,0.0,-2,-9.0,permanent,1
2025,3,Suzuka,Racing Bulls,LAW,HAD,7.0,6.0,0.0,2,9.0,permanent,0
2025,3,Suzuka,Red Bull Racing,VER,TSU,-14.0,-13.0,18.0,0,-11.5,permanent,1
2025,3,Suzuka,Red Bull Racing,TSU,VER,14.0,13.0,-18.0,0,11.5,permanent,0
2025,3,Suzuka,Williams,ALB,SAI,-3.0,-6.0,10.0,-1,1.333333333333333,permanent,1
2025,3,Suzuka,Williams,SAI,ALB,3.0,6.0,-10.0,1,-1.333333333333333,permanent,0
2025,4,Sakhir,Alpine,GAS,DOO,-6.0,-7.0,0.0,4,-6.0,permanent,1
2025,4,Sakhir,Alpine,DOO,GAS,6.0,7.0,0.0,-4,6.0,permanent,0
2025,4,Sakhir,Aston Martin,ALO,STR,-6.0,-6.0,-8.0,0,-2.0,permanent,1
2025,4,Sakhir,Aston Martin,STR,ALO,6.0,6.0,8.0,0,2.0,permanent,0
2025,4,Sakhir,Ferrari,LEC,HAM,-6.0,-7.0,9.0,0,-0.4500000000000002,permanent,1
2025,4,Sakhir,Ferrari,HAM,LEC,6.0,7.0,-9.0,0,0.4500000000000002,permanent,0
2025,4,Sakhir,Haas F1 Team,OCO,BEA,-6.0,-6.0,-1.0,3,-0.6666666666666661,permanent,1
2025,4,Sakhir,Haas F1 Team,BEA,OCO,6.0,6.0,1.0,-3,0.6666666666666661,permanent,0
2025,4,Sakhir,McLaren,PIA,NOR,-5.0,-5.0,-26.0,-2,-2.5,permanent,1
2025,4,Sakhir,McLaren,NOR,PIA,5.0,5.0,26.0,2,2.5,permanent,0
2025,4,Sakhir,Mercedes,RUS,ANT,-2.0,-2.0,5.0,4,-4.6,permanent,1
2025,4,Sakhir,Mercedes,ANT,RUS,2.0,2.0,-5.0,-4,4.6,permanent,0
2025,4,Sakhir,Racing Bulls,HAD,LAW,-5.0,-5.0,4.0,-2,-3.0,permanent,1
2025,4,Sakhir,Racing Bulls,LAW,HAD,5.0,5.0,-4.0,2,3.0,permanent,0
2025,4,Sakhir,Red Bull Racing,VER,TSU,-3.0,-3.0,43.0,0,-6.75,permanent,1
2025,4,Sakhir,Red Bull Racing,TSU,VER,3.0,3.0,-43.0,0,6.75,permanent,0
2025,5,Jeddah,Ferrari,LEC,HAM,-3.0,-3.0,11.0,0,-2.0,street,1
2025,5,Jeddah,Ferrari,HAM,LEC,3.0,3.0,-11.0,0,2.0,street,0
2025,5,Jeddah,Haas F1 Team,BEA,OCO,-4.0,-4.0,-2.0,-3,2.0,street,1
2025,5,Jeddah,Haas F1 Team,OCO,BEA,4.0,4.0,2.0,3,-2.0,street,0
2025,5,Jeddah,McLaren,PIA,NOR,-8.0,-8.0,-16.0,-2,-2.5333333333333323,street,1
2025,5,Jeddah,McLaren,NOR,PIA,8.0,8.0,16.0,2,2.5333333333333323,street,0
2025,5,Jeddah,Mercedes,RUS,ANT,-2.0,-2.0,23.0,4,-1.0,street,1
2025,5,Jeddah,Mercedes,ANT,RUS,2.0,2.0,-23.0,-4,1.0,street,0
2025,5,Jeddah,Racing Bulls,HAD,LAW,2.0,2.0,4.0,-2,-2.0,street,1
2025,5,Jeddah,Racing Bulls,LAW,HAD,-2.0,-2.0,-4.0,2,2.0,street,0
2025,5,Jeddah,Williams,SAI,ALB,-5.0,-5.0,-12.0,1,-3.75,street,1
2025,5,Jeddah,Williams,ALB,SAI,5.0,5.0,12.0,-1,3.75,street,0
2025,7,Imola,Alpine,GAS,COL,-5.0,-6.0,6.0,3,-6.0,permanent,1
2025,7,Imola,Alpine,COL,GAS,5.0,6.0,-6.0,-3,6.0,permanent,0
2025,7,Imola,Aston Martin,ALO,STR,-3.0,-3.0,-8.0,0,-0.16666666666666607,permanent,1
2025,7,Imola,Aston Martin,STR,ALO,3.0,3.0,8.0,0,0.16666666666666607,permanent,0
2025,7,Imola,Ferrari,HAM,LEC,1.0,1.0,-20.0,0,-0.33333333333333304,permanent,1
2025,7,Imola,Ferrari,LEC,HAM,-1.0,-1.0,20.0,0,0.33333333333333304,permanent,0
2025,7,Imola,Kick Sauber,HUL,BOR,3.0,3.0,6.0,3,-6.0,permanent,1
2025,7,Imola,Kick Sauber,BOR,HUL,-3.0,-3.0,-6.0,-3,6.0,permanent,0
2025,7,Imola,McLaren,NOR,PIA,3.0,3.0,3.0,2,-1.1666666666666665,permanent,1
2025,7,Imola,McLaren,PIA,NOR,-3.0,-3.0,-3.0,-2,1.1666666666666665,permanent,0
2025,7,Imola,Racing Bulls,HAD,LAW,-7.0,-6.0,5.0,-2,-5.0,permanent,1
2025,7,Imola,Racing Bulls,LAW,HAD,7.0,6.0,-5.0,2,5.0,permanent,0
2025,7,Imola,Red Bull Racing,VER,TSU,-18.0,-18.0,67.0,0,-10.0,permanent,1
2025,7,Imola,Red Bull Racing,TSU,VER,18.0,18.0,-67.0,0,10.0,permanent,0
2025,7,Imola,Williams,ALB,SAI,1.0,1.0,10.0,-1,-1.0,permanent,1
2025,7,Imola,Williams,SAI,ALB,-1.0,-1.0,-10.0,1,1.0,permanent,0
2025,8,Monaco,Ferrari,LEC,HAM,-2.0,-5.0,16.0,0,-2.75,street,1
2025,8,Monaco,Ferrari,HAM,LEC,2.0,5.0,-16.0,0,2.75,street,0
2025,8,Monaco,McLaren,NOR,PIA,-2.0,-2.0,6.0,2,1.1666666666666665,street,1
2025,8,Monaco,McLaren,PIA,NOR,2.0,2.0,-6.0,-2,-1.1666666666666665,street,0
2025,9,Barcelona,Alpine,GAS,COL,-11.0,-10.0,6.0,3,-5.0,permanent,1
2025,9,Barcelona,Alpine,COL,GAS,11.0,10.0,-6.0,-3,5.0,permanent,0
2025,9,Barcelona,Ferrari,LEC,HAM,2.0,2.0,24.0,0,2.35,permanent,1
2025,9,Barcelona,Ferrari,HAM,LEC,-2.0,-2.0,-24.0,0,-2.35,permanent,0
2025,9,Barcelona,Haas F1 Team,OCO,BEA,2.0,2.0,2.0,3,-7.0,permanent,1
2025,9,Barcelona,Haas F1 Team,BEA,OCO,-2.0,-2.0,-2.0,-3,7.0,permanent,0
2025,9,Barcelona,Kick Sauber,HUL,BOR,4.0,3.0,6.0,3,-4.0,permanent,1
2025,9,Barcelona,Kick Sauber,BOR,HUL,-4.0,-3.0,-6.0,-3,4.0,permanent,0
2025,9,Barcelona,McLaren,PIA,NOR,-1.0,-1.0,-16.0,-2,-1.0,permanent,1
2025,9,Barcelona,McLaren,NOR,PIA,1.0,1.0,16.0,2,1.0,permanent,0
2025,9,Barcelona,Racing Bulls,HAD,LAW,-4.0,-4.0,7.0,-2,-4.0,permanent,1
2025,9,Barcelona,Racing Bulls,LAW,HAD,4.0,4.0,-7.0,2,4.0,permanent,0
2025,9,Barcelona,Red Bull Racing,VER,TSU,-17.0,-16.0,103.0,0,-8.666666666666666,permanent,1
2025,9,Barcelona,Red Bull Racing,TSU,VER,17.0,16.0,-103.0,0,8.666666666666666,permanent,0
2025,10,Montréal,Ferrari,LEC,HAM,3.0,3.0,31.0,0,0.666666666666667,permanent,1
2025,10,Montréal,Ferrari,HAM,LEC,-3.0,-3.0,-31.0,0,-0.666666666666667,permanent,0
2025,10,Montréal,Mercedes,RUS,ANT,-3.0,-3.0,43.0,4,-0.3333333333333335,permanent,1
2025,10,Montréal,Mercedes,ANT,RUS,3.0,3.0,-43.0,-4,0.3333333333333335,permanent,0
2025,11,Spielberg,Ferrari,LEC,HAM,-2.0,-2.0,33.0,0,2.6666666666666665,permanent,1
2025,11,Spielberg,Ferrari,HAM,LEC,2.0,2.0,-33.0,0,-2.6666666666666665,permanent,0
2025,11,Spielberg,McLaren,NOR,PIA,-2.0,-2.0,-3.0,2,1.0,permanent,1
2025,11,Spielberg,McLaren,PIA,NOR,2.0,2.0,3.0,-2,-1.0,permanent,0
2025,12,Silverstone,Aston Martin,STR,ALO,9.0,10.0,0.0,0,2.5,permanent,1
2025,12,Silverstone,Aston Martin,ALO,STR,-9.0,-10.0,0.0,0,-2.5,permanent,0
2025,12,Silverstone,Ferrari,HAM,LEC,-1.0,-1.0,-36.0,0,-6.25,permanent,1
2025,12,Silverstone,Ferrari,LEC,HAM,1.0,1.0,36.0,0,6.25,permanent,0
2025,12,Silverstone,Haas F1 Team,BEA,OCO,-7.0,4.0,-2.0,-3,-2.0,permanent,1
2025,12,Silverstone,Haas F1 Team,OCO,BEA,7.0,-4.0,2.0,3,2.0,permanent,0
2025,12,Silverstone,McLaren,NOR,PIA,1.0,1.0,4.0,2,-0.3333333333333335,permanent,1
2025,12,Silverstone,McLaren,PIA,NOR,-1.0,-1.0,-4.0,-2,0.3333333333333335,permanent,0
2025,12,Silverstone,Williams,ALB,SAI,3.0,4.0,16.0,-1,1.333333333333334,permanent,1
2025,12,Silverstone,Williams,SAI,ALB,-3.0,-4.0,-16.0,1,-1.333333333333334,permanent,0
2025,14,Budapest,Aston Martin,ALO,STR,-1.0,-1.0,-4.0,0,-1.9333333333333336,permanent,1
2025,14,Budapest,Aston Martin,STR,ALO,1.0,1.0,4.0,0,1.9333333333333336,permanent,0
2025,14,Budapest,McLaren,NOR,PIA,1.0,1.0,11.0,2,0.3333333333333335,permanent,1
2025,14,Budapest,McLaren,PIA,NOR,-1.0,-1.0,-11.0,-2,-0.3333333333333335,permanent,0
2025,15,Zandvoort,Alpine,COL,GAS,2.0,2.0,-18.0,-3,3.0,permanent,1
2025,15,Zandvoort,Alpine,GAS,COL,-2.0,-2.0,18.0,3,-3.0,permanent,0
2025,15,Zandvoort,Aston Martin,STR,ALO,10.0,9.0,0.0,0,3.666666666666667,permanent,1
2025,15,Zandvoort,Aston Martin,ALO,STR,-10.0,-9.0,0.0,0,-3.666666666666667,permanent,0
2025,15,Zandvoort,Haas F1 Team,BEA,OCO,1.0,2.0,-2.0,-3,-3.666666666666666,permanent,1
2025,15,Zandvoort,Haas F1 Team,OCO,BEA,-1.0,-2.0,2.0,3,3.666666666666666,permanent,0
2025,15,Zandvoort,Kick Sauber,HUL,BOR,4.0,4.0,27.0,3,-2.0,permanent,1
2025,15,Zandvoort,Kick Sauber,BOR,HUL,-4.0,-4.0,-27.0,-3,2.0,permanent,0
2025,15,Zandvoort,Mercedes,RUS,ANT,-6.0,-6.0,79.0,4,-6.666666666666666,permanent,1
2025,15,Zandvoort,Mercedes,ANT,RUS,6.0,6.0,-79.0,-4,6.666666666666666,permanent,0
2025,15,Zandvoort,Racing Bulls,HAD,LAW,-4.0,-4.0,1.0,-2,-9.5,permanent,1
2025,15,Zandvoort,Racing Bulls,LAW,HAD,4.0,4.0,-1.0,2,9.5,permanent,0
2025,15,Zandvoort,Red Bull Racing,VER,TSU,-9.0,-9.0,134.0,0,-10.5,permanent,1
2025,15,Zandvoort,Red Bull Racing,TSU,VER,9.0,9.0,-134.0,0,10.5,permanent,0
2025,15,Zandvoort,Williams,ALB,SAI,6.0,6.0,20.0,-1,-1.0,permanent,1
2025,15,Zandvoort,Williams,SAI,ALB,-6.0,-6.0,-20.0,1,1.0,permanent,0
2025,16,Monza,Ferrari,LEC,HAM,-1.0,-6.0,36.0,0,-2.75,permanent,1
2025,16,Monza,Ferrari,HAM,LEC,1.0,6.0,-36.0,0,2.75,permanent,0
2025,16,Monza,McLaren,NOR,PIA,-1.0,-1.0,-7.0,2,-0.666666666666667,permanent,1
2025,16,Monza,McLaren,PIA,NOR,1.0,1.0,7.0,-2,0.666666666666667,permanent,0
2025,16,Monza,Mercedes,RUS,ANT,-1.0,-1.0,91.0,4,-4.0,permanent,1
2025,16,Monza,Mercedes,ANT,RUS,1.0,1.0,-91.0,-4,4.0,permanent,0
2025,16,Monza,Racing Bulls,HAD,LAW,-4.0,1.0,16.0,-2,-2.5,permanent,1
2025,16,Monza,Racing Bulls,LAW,HAD,4.0,-1.0,-16.0,2,2.5,permanent,0
2025,16,Monza,Red Bull Racing,VER,TSU,-9.0,-8.0,150.0,0,-11.25,permanent,1
2025,16,Monza,Red Bull Racing,TSU,VER,9.0,8.0,-150.0,0,11.25,permanent,0
2025,16,Monza,Williams,ALB,SAI,1.0,1.0,30.0,-1,2.166666666666667,permanent,1
2025,16,Monza,Williams,SAI,ALB,-1.0,-1.0,-30.0,1,-2.166666666666667,permanent,0
2025,17,Baku,Aston Martin,ALO,STR,-3.0,-3.0,-2.0,0,-8.5,street,1
2025,17,Baku,Aston Martin,STR,ALO,3.0,3.0,2.0,0,8.5,street,0
2025,17,Baku,Ferrari,HAM,LEC,2.0,2.0,-40.0,0,4.0,street,1
2025,17,Baku,Ferrari,LEC,HAM,-2.0,-2.0,40.0,0,-4.0,street,0
2025,17,Baku,Haas F1 Team,BEA,OCO,-5.0,-5.0,5.0,-3,-1.0,street,1
2025,17,Baku,Haas F1 Team,OCO,BEA,5.0,5.0,-5.0,3,1.0,street,0
2025,17,Baku,Kick Sauber,BOR,HUL,-4.0,-4.0,-23.0,-3,-2.5,street,1
2025,17,Baku,Kick Sauber,HUL,BOR,4.0,4.0,23.0,3,2.5,street,0
2025,17,Baku,Mercedes,RUS,ANT,1.0,1.0,99.0,4,-1.3333333333333335,street,1
2025,17,Baku,Mercedes,ANT,RUS,-1.0,-1.0,-99.0,-4,1.3333333333333335,street,0
2025,17,Baku,Racing Bulls,LAW,HAD,-5.0,-5.0,-17.0,2,-5.0,street,1
2025,17,Baku,Racing Bulls,HAD,LAW,5.0,5.0,17.0,-2,5.0,street,0
2025,17,Baku,Red Bull Racing,VER,TSU,-5.0,-5.0,175.0,0,-6.333333333333332,street,1
2025,17,Baku,Red Bull Racing,TSU,VER,5.0,5.0,-175.0,0,6.333333333333332,street,0
2025,17,Baku,Williams,SAI,ALB,-17.0,-17.0,-36.0,1,-5.166666666666666,street,1
2025,17,Baku,Williams,ALB,SAI,17.0,17.0,36.0,-1,5.166666666666666,street,0
2025,18,Marina Bay,Ferrari,LEC,HAM,1.0,1.0,38.0,0,-2.25,permanent,1
2025,18,Marina Bay,Ferrari,HAM,LEC,-1.0,-1.0,-38.0,0,2.25,permanent,0
2025,18,Marina Bay,McLaren,NOR,PIA,2.0,2.0,2.0,2,-2.166666666666667,permanent,1
2025,18,Marina Bay,McLaren,PIA,NOR,-2.0,-2.0,-2.0,-2,2.166666666666667,permanent,0
2025,18,Marina Bay,Mercedes,RUS,ANT,-3.0,-3.0,105.0,4,-2.5,permanent,1
2025,18,Marina Bay,Mercedes,ANT,RUS,3.0,3.0,-105.0,-4,2.5,permanent,0
2025,20,Mexico City,Ferrari,LEC,HAM,-1.0,-1.0,42.0,0,-0.75,permanent,1
2025,20,Mexico City,Ferrari,HAM,LEC,1.0,1.0,-42.0,0,0.75,permanent,0
2025,20,Mexico City,Haas F1 Team,BEA,OCO,-2.0,-2.0,7.0,-3,-6.666666666666666,permanent,1
2025,20,Mexico City,Haas F1 Team,OCO,BEA,2.0,2.0,-7.0,3,6.666666666666666,permanent,0
2025,20,Mexico City,McLaren,NOR,PIA,-7.0,-6.0,5.0,2,-2.5,permanent,1
2025,20,Mexico City,McLaren,PIA,NOR,7.0,6.0,-5.0,-2,2.5,permanent,0
2025,20,Mexico City,Mercedes,ANT,RUS,2.0,2.0,-120.0,-4,0.0,permanent,1
2025,20,Mexico City,Mercedes,RUS,ANT,-2.0,-2.0,120.0,4,0.0,permanent,0
2025,20,Mexico City,Red Bull Racing,VER,TSU,-6.0,-5.0,210.0,0,-8.75,permanent,1
2025,20,Mexico City,Red Bull Racing,TSU,VER,6.0,5.0,-210.0,0,8.75,permanent,0
2025,22,Las Vegas,Ferrari,LEC,HAM,-11.0,-10.0,56.0,0,-2.3333333333333335,street,1
2025,22,Las Vegas,Ferrari,HAM,LEC,11.0,10.0,-56.0,0,2.3333333333333335,street,0
2025,22,Las Vegas,Haas F1 Team,OCO,BEA,-1.0,-1.0,-17.0,3,-3.5,street,1
2025,22,Las Vegas,Haas F1 Team,BEA,OCO,1.0,1.0,17.0,-3,3.5,street,0
2025,22,Las Vegas,Mercedes,RUS,ANT,-13.0,-13.0,118.0,4,0.6666666666666665,street,1
2025,22,Las Vegas,Mercedes,ANT,RUS,13.0,13.0,-118.0,-4,-0.6666666666666665,street,0
2025,22,Las Vegas,Red Bull Racing,VER,TSU,-17.0,-18.0,225.0,0,-8.166666666666666,street,1
2025,22,Las Vegas,Red Bull Racing,TSU,VER,17.0,18.0,-225.0,0,8.166666666666666,street,0
